url,length_url,length_hostname,ip,nb_dots,nb_hyphens,nb_at,nb_qm,nb_and,nb_or,nb_eq,nb_underscore,nb_tilde,nb_percent,nb_slash,nb_star,nb_colon,nb_comma,nb_semicolumn,nb_dollar,nb_space,nb_www,nb_com,nb_dslash,http_in_path,https_token,ratio_digits_url,ratio_digits_host,punycode,port,tld_in_path,tld_in_subdomain,abnormal_subdomain,nb_subdomains,prefix_suffix,shortening_service,path_extension,nb_redirection,nb_external_redirection,length_words_raw,char_repeat,shortest_words_raw,shortest_word_host,shortest_word_path,longest_words_raw,longest_word_host,longest_word_path,avg_words_raw,avg_word_host,avg_word_path,phish_hints,domain_in_brand,brand_in_subdomain,brand_in_path,suspecious_tld,statistical_report,login_form,external_favicon,links_in_tags,submit_email,ratio_intMedia,ratio_extMedia,sfh,iframe,popup_window,safe_anchor,onmouseover,right_clic,empty_title,domain_in_title,domain_with_copyright,whois_registered_domain,domain_registration_length,web_traffic,dns_record,google_index,page_rank,status
http://www.soi.vzott.w12clients.com/,36,28,0,4,0,0,0,0,0,0,0,0,0,3,0,1,0,0,0,0,1,0,0,0,1,0.05555555555555555,0.07142857142857142,0,0,0,0,0,3,0,0,0,0,0,4,4,3,3,0,10,10,0,5.25,5.25,0,0,0,0,0,0,0,0,1,83.33333333333334,0,0,0,0,0,0,0,0,0,0,1,0,1,-1,0,0,1,-1,alive
http://visablackfriday.wearenot.online/,39,31,0,2,0,0,0,0,0,0,0,0,0,3,0,1,0,0,0,0,0,0,0,0,1,0.0,0.0,0,0,0,0,0,2,0,0,0,0,0,2,0,8,8,0,15,15,0,11.5,11.5,0,0,0,0,0,1,0,0,0,0,0,0,0,0,0,0,0,0,0,1,1,0,1,-1,0,0,1,-1,alive
https://cluster4.adfs.ovh.net/adfs/ls/?wa=wsignin1.0&wtrealm=https%3A%2F%2Fex4.mail.ovh.net%2Fowa%2F&wctx=rm%3D0%26id%3Dpassive%26ru%3D%252fowa%252f&wct=2020-09-09T06%3A20%3A47Z,177,21,0,7,2,0,1,3,0,4,0,0,14,5,0,1,0,0,0,0,0,0,0,1,0,0.22033898305084745,0.047619047619047616,0,0,1,0,0,3,0,0,0,0,0,33,2,1,3,1,9,8,9,4.0,5.0,3.9,1,0,0,0,0,0,0,0,0,0,0,0,0,0,0,0,0,0,0,1,0,1,-1,0,0,1,-1,alive
https://dropeverything.com.au/,30,21,0,2,0,0,0,0,0,0,0,0,0,3,0,1,0,0,0,0,0,0,0,0,0,0.0,0.0,0,0,0,0,0,2,0,0,0,0,0,1,0,14,14,0,14,14,0,14.0,14.0,0,0,0,0,0,0,0,0,0,100.0,0,0,0,0,0,0,50.0,0,0,0,1,0,1,-1,0,0,1,-1,alive
http://checkpointaroveds-fbpages07634235.cf/,44,36,1,1,1,0,0,0,0,0,0,0,0,3,0,1,0,0,0,0,0,0,0,0,1,0.18181818181818182,0.2222222222222222,0,0,0,0,0,1,1,0,0,0,0,2,0,15,15,0,17,17,0,16.0,16.0,0,0,0,0,0,0,0,0,0,0,0,0,0,0,0,0,0,0,0,0,0,0,1,-1,0,1,1,-1,alive
http://sghautefidelite.rec.tessimarketingservices.fr/fin.php,60,45,0,4,0,0,0,0,0,0,0,0,0,3,0,1,0,0,0,0,0,0,0,0,1,0.0,0.0,0,0,0,0,0,3,0,0,0,1,0,5,1,3,3,3,22,22,3,9.2,13.333333333333334,3.0,0,0,0,0,0,0,0,0,83.33333333333334,0,100.0,0.0,0,0,0,0,0,0,0,1,1,1,-1,0,0,1,-1,alive
https://www.germany.info/,25,16,0,2,0,0,0,0,0,0,0,0,0,3,0,1,0,0,0,0,1,0,0,0,0,0.0,0.0,0,0,0,0,0,2,0,0,0,0,0,2,3,3,3,0,7,7,0,5.0,5.0,0,0,0,0,0,0,0,0,0,100.0,0,100.0,0.0,0,0,0,31.25,0,0,0,1,1,1,-1,0,0,1,-1,alive
https://mitarbeiter.walloschke-gmbh.de/owa/auth/logon.aspx?url=https%3A%2F%2Fmitarbeiter.walloschke-gmbh.de%2Fowa%2F&reason=0,125,30,0,5,2,0,1,1,0,2,0,0,5,5,0,1,0,0,0,0,0,0,0,1,0,0.048,0.0,0,0,1,0,0,3,1,0,0,2,0,19,3,1,4,1,13,11,13,5.052631578947368,8.333333333333334,4.4375,0,0,0,0,0,0,0,0,100.0,0,100.0,0.0,0,0,0,0.0,0,0,0,1,0,1,-1,0,0,1,-1,alive
https://mail.lyseis.tech/owa/auth/logon.aspx?url=https%3A%2F%2Fmail-server.lyseis.local%2Fowa%2F&reason=0,105,16,0,5,1,0,1,1,0,2,0,0,5,5,0,1,0,0,0,0,0,0,0,1,0,0.05714285714285714,0.0,0,0,0,0,0,3,0,0,0,2,0,18,1,1,4,1,6,6,6,4.166666666666667,5.0,4.0625,0,0,0,0,0,0,0,0,100.0,0,100.0,0.0,0,0,0,0.0,0,0,0,1,0,1,-1,0,0,1,-1,alive
https://autodiscover.ex2016.itdl.info/owa/auth/logon.aspx?url=https%3A%2F%2Fautodiscover.ex2016.itdl.info%2Fowa%2F&reason=0,123,29,0,7,0,0,1,1,0,2,0,0,5,5,0,1,0,0,0,0,0,0,0,1,0,0.11382113821138211,0.13793103448275862,0,0,1,0,0,3,0,0,0,0,0,19,1,1,4,1,14,12,14,4.842105263157895,7.333333333333333,4.375,0,0,0,0,0,0,0,0,0,0,0,0,0,0,0,0,0,0,1,1,0,1,-1,0,0,1,-1,alive
http://xfinitypartnerportal.com/,32,24,0,1,0,0,0,0,0,0,0,0,0,3,0,1,0,0,0,0,0,0,0,0,1,0.0,0.0,0,0,0,0,0,1,0,0,0,1,0,1,0,20,20,0,20,20,0,20.0,20.0,0,0,0,0,0,0,0,0,0,100.0,0,100.0,0.0,0,0,0,0,0,0,0,1,0,1,-1,0,0,1,-1,alive
https://webmail.polyfilm.at/owa/auth/logon.aspx?url=https%3A%2F%2Fwebmail.polyfilm.at%2Fowa&reason=0&s=0027769C3DA7F261181E2F26A0E14530D1E71B97,143,19,1,5,0,0,1,2,0,3,0,0,4,5,0,1,0,0,0,0,0,0,0,1,0,0.23776223776223776,0.0,0,0,1,0,0,3,0,0,0,2,0,18,4,1,7,1,40,8,40,6.388888888888889,7.5,6.25,0,0,0,0,0,0,0,0,100.0,0,100.0,0.0,0,0,0,0,0,0,0,1,0,1,-1,0,0,1,-1,alive
https://portal-tmo.dc7bycecolo.com/users/sign_in,48,26,0,2,1,0,0,0,0,0,1,0,0,4,0,1,0,0,0,0,0,0,0,0,0,0.020833333333333332,0.038461538461538464,0,0,0,0,0,2,1,0,0,1,0,6,0,2,3,2,11,11,5,5.166666666666667,6.666666666666667,3.6666666666666665,0,0,0,0,0,0,0,0,100.0,0,100.0,0.0,0,0,0,0,0,0,0,1,1,1,-1,0,0,1,-1,alive
http://about-helper.ml/,23,15,0,1,1,0,0,0,0,0,0,0,0,3,0,1,0,0,0,0,0,0,0,0,1,0.0,0.0,0,0,0,0,0,1,1,0,0,0,0,2,0,5,5,0,6,6,0,5.5,5.5,0,0,0,0,0,1,0,0,0,0,0,0,0,0,0,0,0,0,0,0,0,0,1,-1,0,1,1,-1,alive
http://moneysaved.earthlink.serverguy.cloud/,44,36,0,3,0,0,0,0,0,0,0,0,0,3,0,1,0,0,0,0,0,0,0,0,1,0.0,0.0,0,0,0,0,0,3,0,0,0,0,0,3,0,9,9,0,10,10,0,9.333333333333334,9.333333333333334,0,0,0,0,0,0,2,0,1,75.0,0,100.0,0.0,0,0,0,0.0,0,0,0,1,1,1,-1,0,0,1,-1,alive
https://autodiscover.fhkybernet.com/owa/auth/logon.aspx?url=https%3A%2F%2Fautodiscover.fhkybernet.com%2Fowa%2F&reason=0,119,27,0,5,0,0,1,1,0,2,0,0,5,5,0,1,0,0,0,0,0,1,0,1,0,0.05042016806722689,0.0,0,0,1,0,0,3,0,1,0,2,0,17,1,1,10,1,14,12,14,5.352941176470588,11.0,4.6,0,0,0,0,0,0,0,0,100.0,0,100.0,0.0,0,0,0,0.0,0,0,0,1,0,1,-1,0,0,1,-1,alive
https://orangegrandpublic.rdv-04.ovea.com/directory/index.html?domain=orangegrandpublic.rdv-04.ovea.com&mb=orangegrandpublic,124,33,0,7,2,0,1,1,0,2,0,0,0,4,0,1,0,0,0,0,0,1,0,0,0,0.03225806451612903,0.06060606060606061,0,0,1,0,0,3,1,0,0,1,0,15,0,2,2,2,17,17,17,6.533333333333333,6.5,6.545454545454546,0,0,0,0,0,0,0,1,92.3076923076923,0,100.0,0.0,0,0,0,100.0,0,0,0,1,1,1,-1,0,0,1,-1,alive
http://instaauthentication.ml/?i=1,34,22,0,1,0,0,1,0,0,1,0,0,0,3,0,1,0,0,0,0,0,0,0,0,1,0.029411764705882353,0.0,0,0,0,0,0,1,0,0,0,0,0,3,1,1,19,1,19,19,1,7.0,19.0,1.0,0,0,0,0,1,0,0,0,0,0,0,0,0,0,0,0,0,0,0,0,0,1,-1,0,1,1,-1,alive
https://login.windows-ppe.net/common/oauth2/authorize?client_id=996def3d-b36c-4153-8607-a6fd3c01b89f&redirect_uri=https%3A%2F%2Faccountants.dynamics-tie.com%2Fremote-sign-in&response_type=code id_token&scope=openid profile&response_mode=form_post&nonce=637362086016172837.YzdhNTkzNmItMzZlZC00N2Y0LWFiOWYtNDJkNWMwYzdhMTkzMDI2NGYxNDYtNzc0NS00MmY0LTg5NGEtMzRiMGRlMjE3Njk2&nux=1&msafed=0&state=CfDJ8NgTnUC6UnlFgzjSBdJUlDwbdB5hqW_3I3O0nuzhoop6VrtBwAHxdcQp9ro-TQteS_l16_eeuNLUaJdXacDOmTvg7hCHWv8oazCdqRJtjYKr04H5t2qaAKauOrHA9mAFKb3cZjdF2g_iu6Tv7MP41MYOhDruZOKIR1utviUW-MswzB4IRBx_5LyJXrX16ZVx9uNXCNHiCq5rjLX33-LpwS2y40HT2LbBXBCpjMTXmqGHTejPnbCYbL-ObENeg4-FwFEaI-5rrIHcqPEfjh5ucf3m0UjQpq84VvxFGKc7Uk9TH_t39ycRlVwCFXH_V0hyObTnawi1AlNjQQHWc_JxWPTn7gVOebw_ODAKZxMryy6zh5eoEuSzkPPBQfKO6RXGIsL4Z6LXIaIxwg-PgFjwAyI&x-client-SKU=ID_NETSTANDARD2_0&x-client-ver=5.5.0.0,853,21,1,8,19,0,1,10,0,11,17,0,4,5,0,1,0,0,0,2,0,2,0,1,0,0.13833528722157093,0.0,0,0,1,0,0,3,1,0,0,2,0,73,19,1,3,1,96,7,96,10.534246575342467,5.0,10.771428571428572,3,0,0,0,0,2,0,1,25.0,0,0,0,0,0,0,0,0,0,0,1,0,1,-1,0,0,1,-1,alive
https://www.orange-business.com/fr/infographie-teaming,54,23,0,2,2,0,0,0,0,0,0,0,0,4,0,1,0,0,0,0,1,0,0,0,0,0.0,0.0,0,0,0,0,0,2,1,0,0,1,0,6,4,2,3,2,11,8,11,6.166666666666667,5.666666666666667,6.666666666666667,0,0,0,0,0,0,0,0,100.0,0,100.0,0.0,0,0,0,75.0,0,0,0,1,1,1,-1,0,0,1,-1,alive
https://dive.telekom-dienste.de/users/sign_in,45,23,0,2,1,0,0,0,0,0,1,0,0,4,0,1,0,0,0,0,0,0,0,0,0,0.0,0.0,0,0,0,0,0,2,1,0,0,1,0,6,0,2,4,2,7,7,5,4.833333333333333,6.0,3.6666666666666665,0,0,0,0,0,0,0,0,93.75,0,100.0,0.0,0,0,0,50.0,0,0,0,1,1,1,-1,0,0,1,-1,alive
http://berkah-erafone.cf/,25,17,0,1,1,0,0,0,0,0,0,0,0,3,0,1,0,0,0,0,0,0,0,0,1,0.0,0.0,0,0,0,0,0,1,1,0,0,0,0,2,0,6,6,0,7,7,0,6.5,6.5,0,0,0,0,0,0,0,0,0,0,0,0,0,0,0,0,0,0,0,0,0,0,1,-1,0,1,1,-1,alive
http://office.noriskshop.de,27,20,0,2,0,0,0,0,0,0,0,0,0,2,0,1,0,0,0,0,0,0,0,0,1,0.0,0.0,0,0,0,0,0,2,0,0,0,3,0,2,1,6,6,0,10,10,0,8.0,8.0,0,0,0,0,0,0,0,0,0,100.0,0,100.0,0.0,0,0,0,0.0,0,0,0,1,0,1,-1,0,0,1,-1,alive
http://linkmoingay.gq/,22,14,0,1,0,0,0,0,0,0,0,0,0,3,0,1,0,0,0,0,0,0,0,0,1,0.0,0.0,0,0,0,0,0,1,0,0,0,0,0,1,0,11,11,0,11,11,0,11.0,11.0,0,0,0,0,0,0,0,0,0,0,0,0,0,0,0,0,0,0,0,0,0,0,1,-1,0,1,1,-1,alive
https://login.windows-ppe.net/common/oauth2/authorize?client_id=80ccca67-54bd-44ab-8625-4b79c4dc7775&response_mode=form_post&response_type=code+id_token&scope=openid+profile&state=OpenIdConnect.AuthenticationProperties%3Dg5TPQpklrttaQtWGi3s1nB_QtKOKpuNzFkPxUWNwKWSz0JR37M_npMIu15Yb-OpiTnPuozHNPSgJIo9hQMHj4mECiU3NOii93sujDss1WxhUje7PW8In_j8cxFiVrdn6bmTHaiwSG4SysKwHUC3A2A&nonce=637375380568068369.ODhkODMwMDktMTY1OS00YjBhLWFmZTEtNTYzYThiY2Y5NmNkMGQxZTdkZDctNzUyOS00MmU0LTg4MTgtOGMwYWY5NjliYjkw&redirect_uri=https%3A%2F%2Fsecurity.officeppe.com%2F,546,21,1,6,6,0,1,6,0,7,9,0,5,5,0,1,0,0,0,0,0,2,0,1,0,0.13736263736263737,0.0,0,0,0,0,0,3,1,0,0,2,0,43,19,2,3,2,96,7,96,11.44186046511628,5.0,11.925,1,0,0,0,0,2,0,1,25.0,0,0,0,0,0,0,0,0,0,0,1,0,1,-1,0,0,1,-1,alive
http://ooredoo-qa.secucloud.info/,33,25,0,2,1,0,0,0,0,0,0,0,0,3,0,1,0,0,0,0,0,0,0,0,1,0.0,0.0,0,0,0,0,0,2,1,0,0,0,0,3,2,2,2,0,9,9,0,6.0,6.0,0,0,0,0,0,0,0,0,0,0,0,0,0,0,0,0,0,0,0,1,1,0,1,-1,0,0,1,-1,alive
https://www.scandicsite.com/,28,19,0,2,0,0,0,0,0,0,0,0,0,3,0,1,0,0,0,0,1,0,0,0,0,0.0,0.0,0,0,0,0,0,2,0,0,0,1,0,2,3,3,3,0,11,11,0,7.0,7.0,0,1,0,0,0,0,0,1,1,0.0,0,0.0,100.0,0,0,0,14.545454545454545,0,0,0,1,1,1,-1,0,0,1,-1,alive
https://www.bulbankonline.bg/,29,20,0,2,0,0,0,0,0,0,0,0,0,3,0,1,0,0,0,0,1,0,0,0,0,0.0,0.0,0,0,0,0,0,2,0,0,0,0,0,2,3,3,3,0,13,13,0,8.0,8.0,0,0,0,0,0,0,0,0,0,100.0,0,0,0,0,0,0,46.15384615384615,0,0,0,1,0,1,-1,0,0,1,-1,alive
https://mail.fliesen-lechner.de/owa/auth/logon.aspx?url=https%3A%2F%2Fmail.fliesen-lechner.de%2Fowa&reason=0,108,23,0,5,2,0,1,1,0,2,0,0,4,5,0,1,0,0,0,0,0,0,0,1,0,0.046296296296296294,0.0,0,0,1,0,0,3,1,0,0,1,0,18,1,1,4,1,7,7,7,4.444444444444445,6.0,4.133333333333334,0,0,0,0,0,0,0,0,0,0,0,0,0,0,0,0,0,0,1,1,0,1,-1,0,0,1,-1,alive
https://autodiscover.kraetschmer-plesa-stb.de/owa/auth/logon.aspx?url=https%3A%2F%2F10.190.65.11%2Fowa%2F&reason=0,114,37,0,6,2,0,1,1,0,2,0,0,5,5,0,1,0,0,0,0,0,0,0,1,0,0.13157894736842105,0.0,0,0,0,0,0,3,0,0,0,2,0,20,2,1,3,1,12,12,6,4.2,7.75,3.3125,0,0,0,0,0,0,0,0,100.0,0,100.0,0.0,0,0,0,0.0,0,0,0,1,0,1,-1,0,0,1,-1,alive
http://cloud.zuhause-informiert-sparkasse-sha.de,48,41,0,2,3,0,0,0,0,0,0,0,0,2,0,1,0,0,0,0,0,0,0,0,1,0.0,0.0,0,0,0,0,0,2,0,0,0,3,0,5,1,3,3,0,10,10,0,6.8,6.8,0,0,0,0,0,0,0,0,1,37.5,0,100.0,0.0,0,0,0,0,0,0,0,1,0,1,-1,0,0,1,-1,alive
http://lp5.prize-2day.club/,27,19,0,2,1,0,0,0,0,0,0,0,0,3,0,1,0,0,0,0,0,0,0,0,1,0.07407407407407407,0.10526315789473684,0,0,0,0,0,2,1,0,0,0,0,3,0,3,3,0,5,5,0,4.0,4.0,0,0,0,0,0,1,0,0,1,50.0,0,0,0,0,0,0,0,0,0,1,1,0,1,-1,0,0,1,-1,alive
https://autodiscover.webmail.fstb.gov.hk/owa/auth/logon.aspx?url=https%3A%2F%2Fautodiscover.webmail.fstb.gov.hk%2Fowa%2F&reason=0,129,32,0,9,0,0,1,1,0,2,0,0,5,5,0,1,0,0,0,0,0,0,0,1,0,0.046511627906976744,0.0,0,0,1,0,0,3,0,0,0,2,0,20,1,1,4,1,14,12,14,4.75,7.666666666666667,4.235294117647059,0,0,0,0,0,0,0,0,100.0,0,100.0,0.0,0,0,0,0.0,0,0,0,1,0,1,-1,0,0,1,-1,alive
http://share.btservices.fr/,27,19,0,2,0,0,0,0,0,0,0,0,0,3,0,1,0,0,0,0,0,0,0,0,1,0.0,0.0,0,0,0,0,0,2,0,0,0,2,0,2,0,5,5,0,10,10,0,7.5,7.5,0,0,0,0,0,0,2,0,0,100.0,0,100.0,0.0,0,0,0,0.0,0,0,0,1,0,1,-1,0,0,1,-1,alive
https://outlook.it-ag.at/owa/auth/logon.aspx?url=https%3A%2F%2Foutlook.it-ag.at%2Fowa%2F&reason=0&s=61ACFD5998ECE8F9888611CC9A69F7BB510C4265,140,16,1,5,2,0,1,2,0,3,0,0,5,5,0,1,0,0,0,0,0,0,0,1,0,0.22142857142857142,0.0,0,0,1,0,0,3,1,0,0,0,0,21,10,1,2,1,40,7,40,5.190476190476191,3.6666666666666665,5.444444444444445,0,0,0,0,0,0,0,0,0,0,0,0,0,0,0,0,0,0,0,1,0,1,-1,0,0,1,-1,alive
https://www.sparkasse-bayreuth.de/de/home.html,46,25,0,3,1,0,0,0,0,0,0,0,0,4,0,1,0,0,0,0,1,0,0,0,0,0.0,0.0,0,0,1,0,0,3,1,0,0,1,0,6,4,2,3,2,9,9,4,5.0,6.666666666666667,3.3333333333333335,0,0,0,0,0,0,1,0,100.0,0,85.71428571428571,14.285714285714285,0,0,0,84.61538461538461,0,0,0,1,0,1,-1,0,0,1,-1,alive
https://mail.aprendere.se/owa/auth/logon.aspx?url=https%3A%2F%2Fmail.aprendere.se%2Fowa&reason=0,96,17,0,5,0,0,1,1,0,2,0,0,4,5,0,1,0,0,0,0,0,0,0,1,0,0.052083333333333336,0.0,0,0,1,0,0,3,0,0,0,2,0,16,1,1,4,1,9,9,9,4.375,6.5,4.071428571428571,0,0,0,0,0,0,0,0,100.0,0,100.0,0.0,0,0,0,0.0,0,0,0,1,0,1,-1,0,0,1,-1,alive
https://www.yammer.com/,23,14,0,2,0,0,0,0,0,0,0,0,0,3,0,1,0,0,0,0,1,0,0,0,0,0.0,0.0,0,0,0,0,0,2,0,0,0,0,0,2,4,3,3,0,6,6,0,4.5,4.5,0,0,0,0,0,0,0,0,0,0,0,0,0,0,0,0,0.0,0,0,0,0,0,1,-1,0,0,1,-1,alive
https://www.bestbuyapplestore.com/,34,25,0,2,0,0,0,0,0,0,0,0,0,3,0,1,0,0,0,0,1,0,0,0,0,0.0,0.0,0,0,0,0,0,2,0,0,0,1,0,2,4,3,3,0,17,17,0,10.0,10.0,0,0,0,0,0,0,0,0,1,50.0,0,0,0,0,0,0,0,0,0,1,1,0,1,-1,0,0,1,-1,alive
https://outlook.osch.lu/owa/auth/logon.aspx?url=https%3A%2F%2Foutlook.osch.lu%2Fowa%2F&reason=0&s=B40F2B4C359161D61B285F12B9CF5E096E837F92,138,15,1,5,0,0,1,2,0,3,0,0,5,5,0,1,0,0,0,0,0,0,0,1,0,0.2391304347826087,0.0,0,0,1,0,0,3,0,0,0,2,0,19,3,1,4,1,40,7,40,5.7368421052631575,5.5,5.764705882352941,0,0,0,0,0,0,0,0,100.0,0,100.0,0.0,0,0,0,0.0,0,0,0,1,0,1,-1,0,0,1,-1,alive
http://verifiedbadgeforlnstagram.ml/,36,28,0,1,0,0,0,0,0,0,0,0,0,3,0,1,0,0,0,0,0,0,0,0,1,0.0,0.0,0,0,0,0,0,1,0,0,0,0,0,1,0,25,25,0,25,25,0,25.0,25.0,0,0,0,0,0,1,0,0,0,0,0,0,0,0,0,0,0,0,0,0,0,0,1,-1,0,1,1,-1,alive
https://www.adp-ar.com/,23,14,0,2,1,0,0,0,0,0,0,0,0,3,0,1,0,0,0,0,1,0,0,0,0,0.0,0.0,0,0,0,0,0,2,1,0,0,1,0,3,3,2,2,0,3,3,0,2.6666666666666665,2.6666666666666665,0,0,0,0,0,0,0,0,1,41.66666666666667,0,100.0,0.0,0,0,0,19.148936170212767,0,0,0,1,1,1,-1,0,0,1,-1,alive
http://dev.invoiceapproval.signify.com,38,31,0,3,0,0,0,0,0,0,0,0,0,2,0,1,0,0,0,0,0,0,0,0,1,0.0,0.0,0,0,0,0,0,3,0,0,0,3,0,3,1,3,3,0,15,15,0,8.333333333333334,8.333333333333334,0,0,0,0,0,0,0,0,1,33.33333333333333,0,0,0,0,0,0,0,0,0,0,1,0,1,-1,0,0,1,-1,alive
https://bezahlen-mit-handyrechnung.telekom-dienste.de/,54,45,0,2,3,0,0,0,0,0,0,0,0,3,0,1,0,0,0,0,0,0,0,0,0,0.0,0.0,0,0,0,0,0,2,0,0,0,6,0,5,0,3,3,0,13,13,0,7.6,7.6,0,0,0,0,0,0,0,1,1,63.1578947368421,0,0.0,100.0,0,0,0,12.903225806451612,0,0,0,1,1,1,-1,0,0,1,-1,alive
https://ov-berlin-tempelhof-schoeneberg.thw.de/,47,38,0,2,3,0,0,0,0,0,0,0,0,3,0,1,0,0,0,0,0,0,0,0,0,0.0,0.0,0,0,0,0,0,2,0,0,0,0,0,5,0,2,2,0,11,11,0,6.2,6.2,0,0,0,0,0,0,0,0,0,100.0,0,95.23809523809523,4.761904761904762,0,0,0,44.44444444444444,0,0,0,0,1,1,-1,0,0,1,-1,alive
https://office-365-api.meetingzen.com/,38,29,0,2,2,0,0,0,0,0,0,0,0,3,0,1,0,0,0,0,0,0,0,0,0,0.07894736842105263,0.10344827586206896,0,0,0,0,0,2,0,0,0,0,0,4,2,3,3,0,10,10,0,5.5,5.5,0,0,0,0,0,0,0,0,0,0,0,0,0,0,0,0,0,0,0,1,1,0,1,-1,0,0,1,-1,alive
https://autodiscover.design-planner.com.ar/owa/auth/logon.aspx?url=https%3A%2F%2Fautodiscover.design-planner.com.ar%2Fowa%2F&reason=0,133,34,0,7,2,0,1,1,0,2,0,0,5,5,0,1,0,0,0,0,0,1,0,1,0,0.045112781954887216,0.0,0,0,1,0,0,3,1,0,0,0,0,20,3,1,6,1,14,12,14,4.95,8.333333333333334,4.352941176470588,0,0,0,0,0,0,0,0,0,0,0,0,0,0,0,0,0,0,0,1,0,1,-1,0,0,1,-1,alive
http://outlook.langlotz-gmbh.de,31,24,0,2,1,0,0,0,0,0,0,0,0,2,0,1,0,0,0,0,0,0,0,0,1,0.0,0.0,0,0,0,0,0,2,0,0,0,3,0,3,1,4,4,0,8,8,0,6.333333333333333,6.333333333333333,0,0,0,0,0,0,0,0,0,100.0,0,100.0,0.0,0,0,0,0.0,0,0,0,1,0,1,-1,0,0,1,-1,alive
https://autodiscover.netonline.net/owa/auth/logon.aspx?url=https%3A%2F%2Fexchange-owa%2Fowa%2F&reason=0,103,26,0,3,1,0,1,1,0,2,0,0,5,5,0,1,0,0,0,0,0,0,0,1,0,0.05825242718446602,0.0,0,0,0,0,0,3,0,0,0,1,0,16,1,1,9,1,12,12,10,4.75,10.5,3.9285714285714284,0,0,0,0,0,2,0,0,0,0,0,0,0,0,0,0,0,0,0,1,0,1,-1,0,0,1,-1,alive
https://autodiscoverredirect.giacomcp.com/owa/auth/logon.aspx?url=https%3A%2F%2Fautodiscoverredirect.giacomcp.com%2Fowa%2F&reason=0,131,33,0,5,0,0,1,1,0,2,0,0,5,5,0,1,0,0,0,0,0,3,0,1,0,0.04580152671755725,0.0,0,0,1,0,0,3,0,0,0,2,0,17,3,1,8,1,22,20,22,6.0588235294117645,14.0,5.0,0,0,0,0,0,2,0,0,100.0,0,100.0,0.0,0,0,0,0.0,0,0,0,1,0,1,-1,0,0,1,-1,alive
https://ews.gruneronline.com/owa/auth/logon.aspx?url=https%3A%2F%2Fews.gruneronline.com%2Fowa&reason=0,102,20,0,5,0,0,1,1,0,2,0,0,4,5,0,1,0,0,0,0,0,1,0,1,0,0.049019607843137254,0.0,0,0,1,0,0,3,0,0,0,2,0,16,1,1,3,1,12,12,12,4.6875,7.5,4.285714285714286,0,0,0,0,0,0,0,0,100.0,0,100.0,0.0,0,0,0,0.0,0,0,0,1,0,1,-1,0,0,1,-1,alive
https://outlook.hib-infra.de/owa/auth/logon.aspx?url=https%3A%2F%2Foutlook.hib-infra.de%2Fowa%2F&reason=0&s=FE9D18514B1B1D71C79B3E7D374336CAE05EAAF6,148,20,1,5,2,0,1,2,0,3,0,0,5,5,0,1,0,0,0,0,0,0,0,1,0,0.19594594594594594,0.0,0,0,1,0,0,3,1,0,0,2,0,21,5,1,3,1,40,7,40,5.571428571428571,5.0,5.666666666666667,0,0,0,0,0,0,0,0,100.0,0,100.0,0.0,0,0,0,0.0,0,0,0,1,0,1,-1,0,0,1,-1,alive
http://www.zuhause-informiert-sparkasse-sha.de,46,39,0,2,3,0,0,0,0,0,0,0,0,2,0,1,0,0,0,0,1,0,0,0,1,0.0,0.0,0,0,0,0,0,2,0,0,0,3,0,5,4,3,3,0,10,10,0,6.4,6.4,0,0,0,0,0,0,0,0,1,90.0,0,27.27272727272727,72.72727272727273,0,0,0,76.19047619047619,0,0,0,1,0,1,-1,0,0,1,-1,alive
https://1769602.preview.onlineessentials.com.au/,48,39,1,4,0,0,0,0,0,0,0,0,0,3,0,1,0,0,0,0,0,0,0,0,0,0.14583333333333334,0.1794871794871795,0,0,0,0,1,3,0,0,0,0,0,3,2,7,7,0,16,16,0,10.0,10.0,0,1,0,0,0,0,0,0,0,0,0,0,0,0,0,0,0,0,0,0,1,0,1,-1,0,0,1,-1,alive
https://www.handyankaufsportal.de/,34,25,0,2,0,0,0,0,0,0,0,0,0,3,0,1,0,0,0,0,1,0,0,0,0,0.0,0.0,0,0,0,0,0,2,0,0,0,0,0,2,3,3,3,0,18,18,0,10.5,10.5,0,0,0,0,0,0,0,0,0,93.33333333333333,0,66.66666666666666,33.33333333333333,0,0,0,33.33333333333333,0,0,0,1,1,1,-1,0,0,1,-1,alive
http://www.entertainment.gq,27,20,0,2,0,0,0,0,0,0,0,0,0,2,0,1,0,0,0,0,1,0,0,0,1,0.0,0.0,0,0,0,0,0,2,0,0,0,0,0,2,3,3,3,0,13,13,0,8.0,8.0,0,0,0,0,0,0,0,0,0,0,0,0,0,0,0,0,0,0,0,0,0,0,1,-1,0,1,1,-1,alive
http://www.staedtebaufoerderung.info,36,29,0,2,0,0,0,0,0,0,0,0,0,2,0,1,0,0,0,0,1,0,0,0,1,0.0,0.0,0,0,0,0,0,2,0,0,0,1,0,2,3,3,3,0,20,20,0,11.5,11.5,0,0,0,0,0,0,2,0,0,100.0,0,100.0,0.0,0,0,0,66.66666666666666,0,0,0,1,1,1,-1,0,0,1,-1,alive
https://redirect.microsoft/,27,18,0,1,0,0,0,0,0,0,0,0,0,3,0,1,0,0,0,0,0,0,0,0,0,0.0,0.0,0,0,0,0,0,1,0,0,0,0,0,1,0,8,8,0,8,8,0,8.0,8.0,0,0,0,0,0,0,0,0,1,83.33333333333334,0,100.0,0.0,0,0,0,0.0,0,0,0,1,1,1,-1,0,0,1,-1,alive
https://srv-mx.jobsuniforms.com/owa/auth/logon.aspx?url=https%3A%2F%2Fsrv-mx.jobsuniforms.com%2Fowa&reason=0,108,23,0,5,2,0,1,1,0,2,0,0,4,5,0,1,0,0,0,0,0,1,0,1,0,0.046296296296296294,0.0,0,0,1,0,0,3,1,0,0,2,0,18,1,1,2,1,12,12,12,4.388888888888889,5.666666666666667,4.133333333333334,0,0,0,0,0,0,0,0,100.0,0,100.0,0.0,0,0,0,0.0,0,0,0,1,0,1,-1,0,0,1,-1,alive
https://webmail.stik-lasko.si/owa/auth/logon.aspx?url=https%3A%2F%2Fwebmail.stik-lasko.si%2Fowa%2F&reason=0,107,21,0,5,2,0,1,1,0,2,0,0,5,5,0,1,0,0,0,0,0,0,0,1,0,0.056074766355140186,0.0,0,0,1,0,0,3,1,0,0,2,0,19,1,1,4,1,9,7,9,4.105263157894737,5.333333333333333,3.875,0,0,0,0,0,0,0,0,100.0,0,100.0,0.0,0,0,0,0.0,0,0,0,1,0,1,-1,0,0,1,-1,alive
https://autodiscover.steuerberater-lrk.de/owa/auth/logon.aspx?url=https%3A%2F%2Fautodiscover.steuerberater-lrk.de%2Fowa&reason=0,128,33,0,5,2,0,1,1,0,2,0,0,4,5,0,1,0,0,0,0,0,0,0,1,0,0.0390625,0.0,0,0,1,0,0,3,1,0,0,2,0,18,1,1,3,1,14,13,14,5.555555555555555,9.333333333333334,4.8,0,0,0,0,0,0,0,0,100.0,0,100.0,0.0,0,0,0,0.0,0,0,0,1,0,1,-1,0,0,1,-1,alive
https://mail.immanuel.de/owa/auth/logon.aspx?url=https%3A%2F%2Fmail.immanuel.de%2Fowa&reason=0,94,16,0,5,0,0,1,1,0,2,0,0,4,5,0,1,0,0,0,0,0,0,0,1,0,0.05319148936170213,0.0,0,0,1,0,0,3,0,0,0,2,0,16,3,1,4,1,8,8,8,4.25,6.0,4.0,0,0,0,0,0,0,0,0,100.0,0,100.0,0.0,0,0,0,0.0,0,0,0,1,0,1,-1,0,0,1,-1,alive
http://instagramcopyrightverified.ml/,37,29,0,1,0,0,0,0,0,0,0,0,0,3,0,1,0,0,0,0,0,0,0,0,1,0.0,0.0,0,0,0,0,0,1,0,0,0,0,0,1,0,26,26,0,26,26,0,26.0,26.0,0,0,0,0,0,1,0,0,0,0,0,0,0,0,0,0,0,0,0,0,0,0,1,-1,0,1,1,-1,alive
http://nofrillssecurity.com.au,30,23,0,2,0,0,0,0,0,0,0,0,0,2,0,1,0,0,0,0,0,0,0,0,1,0.0,0.0,0,0,0,0,0,2,0,0,0,0,0,1,2,16,16,0,16,16,0,16.0,16.0,0,0,0,0,0,0,0,0,1,0.0,0,0,0,0,0,0,0.0,0,0,0,1,0,1,-1,0,0,1,-1,alive
http://ooredoomm.portal.ncnd.services/nc/,41,30,0,3,0,0,0,0,0,0,0,0,0,4,0,1,0,0,0,0,0,0,0,0,1,0.0,0.0,0,0,0,0,0,3,0,0,0,1,0,4,3,2,4,2,9,9,2,5.25,6.333333333333333,2.0,0,0,0,0,0,0,0,0,100.0,0,100.0,0.0,0,0,0,0,0,0,0,0,1,1,-1,0,0,1,-1,alive
https://webmail.q4all.info/owa/auth/logon.aspx?url=https%3A%2F%2Fes1%2Fowa%2F&reason=0,86,18,0,3,0,0,1,1,0,2,0,0,5,5,0,1,0,0,0,0,0,0,0,1,0,0.09302325581395349,0.05555555555555555,0,0,0,0,0,3,0,0,0,2,0,15,2,1,5,1,7,7,6,3.933333333333333,6.0,3.6153846153846154,0,0,0,0,0,0,0,0,100.0,0,100.0,0.0,0,0,0,0.0,0,0,0,1,0,1,-1,0,0,1,-1,alive
http://wifi3000.earthlink.serverguy.cloud/,42,34,0,3,0,0,0,0,0,0,0,0,0,3,0,1,0,0,0,0,0,0,0,0,1,0.09523809523809523,0.11764705882352941,0,0,0,0,0,3,0,0,0,0,0,3,3,8,8,0,9,9,0,8.666666666666666,8.666666666666666,0,0,0,0,0,0,2,0,1,75.0,0,100.0,0.0,0,0,0,0.0,0,0,0,1,1,1,-1,0,0,1,-1,alive
http://mail.paraempresas.ml/,28,20,0,2,0,0,0,0,0,0,0,0,0,3,0,1,0,0,0,0,0,0,0,0,1,0.0,0.0,0,0,0,0,0,2,0,0,0,0,0,2,0,4,4,0,12,12,0,8.0,8.0,0,0,0,0,0,1,0,0,0,0,0,0,0,0,0,0,0,0,0,0,0,0,1,-1,0,1,1,-1,alive
https://autodiscover.cnp7905.com/owa/auth/logon.aspx?url=https%3A%2F%2Fautodiscover.cnp7905.com%2Fowa%2F&reason=0,113,24,0,5,0,0,1,1,0,2,0,0,5,5,0,1,0,0,0,0,0,1,0,1,0,0.12389380530973451,0.16666666666666666,0,0,1,0,0,3,0,0,0,2,0,17,1,1,7,1,14,12,14,5.0,9.5,4.4,0,0,0,0,0,0,0,0,100.0,0,100.0,0.0,0,0,0,0.0,0,0,0,1,0,1,-1,0,0,1,-1,alive
http://autodiscover.bildungshaus-armstorf.com,45,38,0,2,1,0,0,0,0,0,0,0,0,2,0,1,0,0,0,0,0,0,0,0,1,0.0,0.0,0,0,0,0,0,2,0,0,0,3,0,3,0,8,8,0,12,12,0,10.666666666666666,10.666666666666666,0,0,0,0,0,0,0,0,0,100.0,0,100.0,0.0,0,0,0,0.0,0,0,0,1,0,1,-1,0,0,1,-1,alive
https://supplier-fournisseur-dev-sscp2pspc-ssc-spc.fjgc-gccf.gc.ca/page.aspx/en/usr/login?ReturnUrl=%2Fpage.aspx%2Fen%2Fbuy%2Fhome,130,58,0,5,6,0,1,0,0,1,0,0,4,6,0,1,0,0,0,0,0,0,0,0,0,0.038461538461538464,0.017241379310344827,0,0,0,0,0,3,0,0,0,2,0,19,5,2,3,2,11,11,9,5.105263157894737,5.625,4.7272727272727275,1,0,0,0,0,2,0,0,100.0,0,100.0,0.0,0,0,0,100.0,0,0,0,1,0,1,-1,0,0,1,-1,alive
https://autodiscover.thetradingroom.club/owa/auth/logon.aspx?url=https%3A%2F%2Fautodiscover.thetradingroom.club%2Fowa%2F&reason=0,129,32,0,5,0,0,1,1,0,2,0,0,5,5,0,1,0,0,0,0,0,0,0,1,0,0.046511627906976744,0.0,0,0,1,0,0,3,0,0,0,2,0,17,3,1,12,1,14,14,14,5.882352941176471,13.0,4.933333333333334,0,0,0,0,1,0,0,0,100.0,0,100.0,0.0,0,0,0,0.0,0,0,0,1,0,1,-1,0,0,1,-1,alive
https://remote.kristall-saunatherme-ludwigsfelde.de/owa/auth/logon.aspx?url=https%3A%2F%2Fremote.kristall-saunatherme-ludwigsfelde.de%2Fowa%2F&reason=0,151,43,0,5,4,0,1,1,0,2,0,0,5,5,0,1,0,0,0,0,0,0,0,1,0,0.039735099337748346,0.0,0,0,1,0,0,3,0,0,0,2,0,21,3,1,6,1,12,12,12,5.714285714285714,9.25,4.882352941176471,0,0,0,0,0,0,0,0,100.0,0,100.0,0.0,0,0,0,0.0,0,0,0,1,0,1,-1,0,0,1,-1,alive
https://fs.gsnetcloud.com/adfs/ls/?SAMLRequest=nVJdT8IwFP0rS9%2FZui7KaBgJQowkiAugD77V7g6bdO3s7VD%2FvaNg0AeN8bX3nHvPR8coGs1aPu38s1nDSwfoo7dGG%2BTHSUE6Z7gVqJAb0QByL%2FlmervkLKa8ddZbaTWJpojgvLJmZg12DbgNuL2ScL9eFuTZ%2BxZ5krTWeaFjFMYLU4HDIwZjaZvEiH0rdhBXlkTzXoYy4rDvzK4x3qEBL7XtqkARVY2JxoRE19ZJCCYKUguNQKLFvCCb1WzEKnkps5wKmg8v8mGaMVpTOgI2yimwYQ%2FEUiCqPZypiB0sDPYqfUEYZXRA8wHLtizlWc4pi9Ps4pFE5cn%2BlTKVMrvfs3o6gpDfbLfloLzbbMOCveqDWPXof8T00M9CRP1%2BMhmHxngQ776W%2BLsu8dkcmfxFwDj5euZ0tOUHB4t5abWS79FUa%2Fs6cyB878q7DkJBjfA%2FK0njNLyoalAHKO8MtiBVraAiyeR09vtPnXwA&RelayState=https%3A%2F%2Fportal.santanderservices.com%2Fnavpage.do&SigAlg=http%3A%2F%2Fwww.w3.org%2F2001%2F04%2Fxmldsig-more%23rsa-sha256&Signature=krE6oG8Z17IRjjXsS6bEhGkPntN8HYW3rBL1sEKeJPVnWtG7UQTAZBDaxs1joggYUQiZWDITDgqstuKXMgTHVCBpLhZoEeNw4Vl7IH%2FsIkI4rWY7TF9QaSfuRMrwapsHqhfXF9U2kBk7DlAwDFXFsL8Exrh2KeyIJRKjSsBtA7PdQBTdUkblTIdBXq7iv%2FNN4UoXP8%2BnQtsXEWZPAkTpaUrwYU9%2F5B05q%2BQZqY67x9Y47v8tJXgwXYz%2FJSoj%2BYMwP33O3gs1%2BAOgHTj6aQmQaKxxAVYcES0HabVoSAW9Qtgq8oU%2B0HEie5YLiwbczq5zkifHkkz%2FMVfQjkixbEj0T3ydslC0KtFu%2Bj6QnBoIxuCFt6so6obPeYtrEhb0U8PvlO62GQqnEQMa%2FgP2yxLOG1p1s%2BXx%2BH5qrgCHkjWTKzb5u09dRsaA4nxwsUl0Muvxymrs5tcBjtdoBxjI6LvbAh7KKJROzjqn%2FXGQokVDPEHJLwpXyO7r27dhEkKkq8V%2FvrqwPZav6gN%2FO%2B7r6xpfAx1OB5JyvI%2FWe1Pnqd3BZJEeaa1dwAhJpJG93yqtTQ566oASuK55O5kVO4%2Bou%2B2pcK%2FLZuCt9%2FcW10m3sZUFQfh2R1Shsh2nFkoAnsIJvpihr%2FCHuJ0DYp6QKpNstmHJWxqc8KF%2F%2BzNyv6fkhIkzElI%3D,1440,17,0,7,2,0,1,3,0,4,0,0,49,5,0,1,0,0,0,0,1,1,0,2,0,0.1625,0.0,0,0,1,0,0,3,0,0,0,0,0,68,38,2,2,2,127,10,127,20.0,6.0,20.424242424242426,6,0,0,0,0,0,0,0,0,0,0,0,0,0,0,0,0,0,0,1,0,1,-1,0,0,1,-1,alive
http://www.members.earthlink.serverguy.cloud/,45,37,0,4,0,0,0,0,0,0,0,0,0,3,0,1,0,0,0,0,1,0,0,0,1,0.0,0.0,0,0,0,0,0,3,0,0,0,0,0,4,3,3,3,0,9,9,0,7.0,7.0,0,0,0,0,0,0,2,0,1,73.33333333333333,0,91.66666666666666,8.333333333333332,0,0,0,16.666666666666664,0,0,0,1,1,1,-1,0,0,1,-1,alive
https://ibank.standardchartered.com.my/nfs/login.htm,52,30,0,4,0,0,0,0,0,0,0,0,0,4,0,1,0,0,0,0,0,0,0,0,0,0.0,0.0,0,0,0,0,0,3,0,0,0,0,0,5,0,3,5,3,17,17,5,6.6,11.0,3.6666666666666665,1,0,0,0,0,0,0,0,100.0,0,100.0,0.0,0,0,0,100.0,0,0,0,1,1,1,-1,0,0,1,-1,alive
https://outlook.neickenpartner.de/owa/auth/logon.aspx?url=https%3A%2F%2Foutlook.neickenpartner.de%2Fowa%2F&reason=0&s=A66B4105C42CE70385E61B13B531FD0867584CA7,158,25,1,5,0,0,1,2,0,3,0,0,5,5,0,1,0,0,0,0,0,0,0,1,0,0.21518987341772153,0.0,0,0,1,0,0,3,0,0,0,1,0,19,4,1,7,1,40,14,40,6.7894736842105265,10.5,6.352941176470588,0,0,0,0,0,0,0,0,0,0,0,0,0,0,0,0,0,0,0,1,0,1,-1,0,0,1,-1,alive
http://www.freephone2018.domainhostdeals.website/,49,41,0,3,0,0,0,0,0,0,0,0,0,3,0,1,0,0,0,0,1,0,0,0,1,0.08163265306122448,0.0975609756097561,0,0,0,0,0,3,0,0,0,0,0,3,4,3,3,0,15,15,0,10.333333333333334,10.333333333333334,0,1,0,0,0,1,0,0,1,0.0,0,5.0,95.0,0,0,0,94.73684210526315,0,0,0,1,0,1,-1,0,0,1,-1,alive
http://mdosusermanual.azurewebsites.net/,40,32,0,2,0,0,0,0,0,0,0,0,0,3,0,1,0,0,0,0,0,0,0,0,1,0.0,0.0,0,0,0,0,0,2,0,0,0,0,0,2,0,13,13,0,14,14,0,13.5,13.5,0,1,0,0,0,0,2,0,0,100.0,0,100.0,0.0,0,0,0,16.666666666666664,0,0,0,1,0,1,-1,0,0,1,-1,alive
https://outlook.muellerhydraulik.de/owa/auth/logon.aspx?url=https%3A%2F%2Foutlook.muellerhydraulik.de%2Fowa%2F&reason=0,119,27,0,5,0,0,1,1,0,2,0,0,5,5,0,1,0,0,0,0,0,0,0,1,0,0.05042016806722689,0.0,0,0,1,0,0,3,0,0,0,2,0,17,5,1,7,1,16,16,16,5.411764705882353,11.5,4.6,0,0,0,0,0,0,0,0,100.0,0,100.0,0.0,0,0,0,0.0,0,0,0,1,0,1,-1,0,0,1,-1,alive
https://1769539.preview.onlineessentials.com.au/,48,39,1,4,0,0,0,0,0,0,0,0,0,3,0,1,0,0,0,0,0,0,0,0,0,0.14583333333333334,0.1794871794871795,0,0,0,0,1,3,0,0,0,0,0,3,2,7,7,0,16,16,0,10.0,10.0,0,1,0,0,0,0,0,0,0,0,0,0,0,0,0,0,0,0,0,0,1,0,1,-1,0,0,1,-1,alive
https://connected.k5online.de/de/,33,21,0,2,0,0,0,0,0,0,0,0,0,4,0,1,0,0,0,0,0,0,0,0,0,0.030303030303030304,0.047619047619047616,0,0,1,0,0,2,0,0,0,1,0,3,1,2,8,2,9,9,2,6.333333333333333,8.5,2.0,0,0,0,0,0,0,0,1,96.96969696969697,0,100.0,0.0,0,0,0,0.0,0,0,0,1,0,1,-1,0,0,1,-1,alive
https://www.innovationsplattform-zukunftsstadt.de/,50,41,0,2,1,0,0,0,0,0,0,0,0,3,0,1,0,0,0,0,1,0,0,0,0,0.0,0.0,0,0,0,0,0,2,1,0,0,1,0,3,6,3,3,0,20,20,0,12.0,12.0,0,0,0,0,0,0,0,0,0,90.9090909090909,0,100.0,0.0,0,0,0,64.70588235294117,0,0,0,1,1,1,-1,0,0,1,-1,alive
https://coupon.santanderconsumer.at/,36,27,0,2,0,0,0,0,0,0,0,0,0,3,0,1,0,0,0,0,0,0,0,0,0,0.0,0.0,0,0,0,0,0,2,0,0,0,0,0,2,0,6,6,0,17,17,0,11.5,11.5,0,0,0,0,0,0,0,0,0,100.0,0,50.0,50.0,0,0,0,100.0,0,0,0,1,0,1,-1,0,0,1,-1,alive
https://owa.tmi-service.com/owa/auth/logon.aspx?replaceCurrent=1&url=https%3a%2f%2fowa.tmi-service.com%2fowa%2f,111,19,0,5,2,0,1,1,0,2,0,0,5,5,0,1,0,0,0,0,0,1,0,1,0,0.05405405405405406,0.0,0,0,1,0,0,3,1,0,0,2,0,19,2,1,3,1,14,7,14,4.2631578947368425,4.333333333333333,4.25,0,0,0,0,0,0,0,0,100.0,0,100.0,0.0,0,0,0,0.0,0,0,0,1,0,1,-1,0,0,-1,-1,alive
http://autodiscover.oliveitky.com,33,26,0,2,0,0,0,0,0,0,0,0,0,2,0,1,0,0,0,0,0,0,0,0,1,0.0,0.0,0,0,0,0,0,2,0,0,0,3,0,2,0,9,9,0,12,12,0,10.5,10.5,0,0,0,0,0,0,0,0,0,100.0,0,100.0,0.0,0,0,0,0.0,0,0,0,1,0,1,-1,0,0,-1,-1,alive
http://bussinesforhelp.ml/,26,18,0,1,0,0,0,0,0,0,0,0,0,3,0,1,0,0,0,0,0,0,0,0,1,0.0,0.0,0,0,0,0,0,1,0,0,0,0,0,1,1,15,15,0,15,15,0,15.0,15.0,0,0,0,0,0,1,0,0,0,0,0,0,0,0,0,0,0,0,0,0,0,0,1,-1,0,1,-1,-1,alive
https://websitebuildersupport.web.com/,38,29,0,2,0,0,0,0,0,0,0,0,0,3,0,1,0,0,0,0,0,0,0,0,0,0.0,0.0,0,0,0,0,0,2,0,0,0,0,0,2,1,3,3,0,21,21,0,12.0,12.0,0,1,0,0,0,0,0,0,0,100.0,0,100.0,0.0,0,0,0,0.0,0,0,0,1,1,1,-1,0,0,-1,-1,alive
http://servicepointrc.com,25,18,0,1,0,0,0,0,0,0,0,0,0,2,0,1,0,0,0,0,0,0,0,0,1,0.0,0.0,0,0,0,0,0,1,0,0,0,1,0,1,0,14,14,0,14,14,0,14.0,14.0,0,0,0,0,0,0,0,0,0,100.0,0,100.0,0.0,0,0,0,0.0,0,0,0,1,0,1,-1,0,0,-1,-1,alive
https://login.live-int.com/login.srf?wa=wsignin1.0&rpsnv=52&ct=1596138077&rver=7.1.6819.0&wp=MBI_SSL&wreply=https%3A%2F%2Fsdx.microsoft-int.com%2Fauth%2Fcomplete-signin%3Fru%3Dhttps%253A%252F%252Fsdx.microsoft-int.com%252F&lc=1033&id=292994&lw=1&fl=easi2,254,18,1,11,4,0,1,9,0,10,1,0,11,3,0,1,0,0,0,0,0,3,0,2,0,0.2047244094488189,0.0,0,0,1,0,0,3,1,1,0,0,0,48,6,1,3,1,10,5,10,4.0625,4.0,4.066666666666666,5,0,0,0,0,2,0,1,0.0,0,0,0,0,0,0,0,0,0,0,1,0,1,-1,0,0,-1,-1,alive
https://autodiscover.assafbuchhaltungen.ch/owa/auth/logon.aspx?url=https%3A%2F%2Fautodiscover.assafbuchhaltungen.ch%2Fowa%2F&reason=0,133,34,0,5,0,0,1,1,0,2,0,0,5,5,0,1,0,0,0,0,0,0,0,1,0,0.045112781954887216,0.0,0,0,1,0,0,3,0,0,0,2,0,17,5,1,12,1,18,18,18,6.235294117647059,15.0,5.066666666666666,0,0,0,0,0,0,0,0,100.0,0,100.0,0.0,0,0,0,0.0,0,0,0,1,0,1,-1,0,0,-1,-1,alive
https://autodiscover.leggettlawoffices.com/owa/auth/logon.aspx?url=https%3A%2F%2Fautodiscover.leggettlawoffices.com%2Fowa%2F&reason=0,133,34,0,5,0,0,1,1,0,2,0,0,5,5,0,1,0,0,0,0,0,1,0,1,0,0.045112781954887216,0.0,0,0,1,0,0,3,0,0,0,2,0,17,7,1,12,1,17,17,17,6.176470588235294,14.5,5.066666666666666,0,0,0,0,0,0,0,0,100.0,0,100.0,0.0,0,0,0,0.0,0,0,0,1,0,1,-1,0,0,-1,-1,alive
http://orange-valma.anjesproductions.com/,41,33,0,2,1,0,0,0,0,0,0,0,0,3,0,1,0,0,0,0,0,0,0,0,1,0.0,0.0,0,0,0,0,0,2,1,0,0,0,0,3,0,5,5,0,16,16,0,9.0,9.0,0,0,0,0,0,0,0,0,0,0,0,0,0,0,0,0,0,0,0,0,1,0,1,-1,0,0,-1,-1,alive
https://applecompany.pk/,24,15,0,1,0,0,0,0,0,0,0,0,0,3,0,1,0,0,0,0,0,1,0,0,0,0.0,0.0,0,0,0,0,0,1,0,0,0,0,0,1,1,12,12,0,12,12,0,12.0,12.0,0,0,0,0,0,0,0,0,1,90.0,0,0,0,0,0,0,84.61538461538461,0,0,0,1,1,1,-1,0,0,-1,-1,alive
https://outlook.keller-law.de/owa/auth/logon.aspx?url=https%3A%2F%2Foutlook.keller-law.de%2Fowa%2F&reason=0,107,21,0,5,2,0,1,1,0,2,0,0,5,5,0,1,0,0,0,0,0,0,0,1,0,0.056074766355140186,0.0,0,0,1,0,0,3,1,0,0,0,0,19,5,1,3,1,9,7,9,4.105263157894737,5.333333333333333,3.875,0,0,0,0,0,0,0,0,0,0,0,0,0,0,0,0,0,0,0,1,0,1,-1,0,0,-1,-1,alive
https://autodiscover.schaefer-merkin.com/owa/auth/logon.aspx?replaceCurrent=1&url=https%3a%2f%2fautodiscover.schaefer-merkin.com%2fowa%2f,137,32,0,5,2,0,1,1,0,2,0,0,5,5,0,1,0,0,0,0,0,1,0,1,0,0.043795620437956206,0.0,0,0,1,0,0,3,1,0,0,2,0,19,2,1,6,1,14,12,14,5.631578947368421,8.666666666666666,5.0625,0,0,0,0,0,0,0,0,100.0,0,100.0,0.0,0,0,0,0.0,0,0,0,1,0,1,-1,0,0,-1,-1,alive
http://desjardinsmunicipal2.dev.devrouge.com/,45,37,0,3,0,0,0,0,0,0,0,0,0,3,0,1,0,0,0,0,0,0,0,0,1,0.022222222222222223,0.02702702702702703,0,0,0,0,0,3,0,0,0,0,0,3,0,3,3,0,20,20,0,10.333333333333334,10.333333333333334,0,0,0,0,0,0,0,0,1,40.0,0,33.33333333333333,66.66666666666666,0,0,0,33.33333333333333,0,0,0,1,1,1,-1,0,0,-1,-1,alive
https://3659009.vip:8989/,25,11,1,1,0,0,0,0,0,0,0,0,0,3,0,2,0,0,0,0,0,0,0,0,0,0.44,0.6363636363636364,0,1,0,0,1,1,0,0,0,0,0,1,1,7,7,0,7,7,0,7.0,7.0,0,0,0,0,0,0,0,0,0,0,0,0,0,0,0,0,0,0,0,1,1,0,1,-1,0,0,-1,-1,alive
https://autodiscover.stb-spiegelhalder.de/owa/auth/logon.aspx?url=https%3A%2F%2F10.190.65.11%2Fowa%2F&reason=0,110,33,0,6,1,0,1,1,0,2,0,0,5,5,0,1,0,0,0,0,0,0,0,1,0,0.13636363636363635,0.0,0,0,0,0,0,3,1,0,0,2,0,19,2,1,3,1,13,13,6,4.2631578947368425,9.333333333333334,3.3125,0,0,0,0,0,0,0,0,100.0,0,100.0,0.0,0,0,0,0.0,0,0,0,1,0,1,-1,0,0,-1,-1,alive
https://www.wirbelwind.info/,28,19,0,2,0,0,0,0,0,0,0,0,0,3,0,1,0,0,0,0,1,0,0,0,0,0.0,0.0,0,0,0,0,0,2,0,0,0,1,0,2,3,3,3,0,10,10,0,6.5,6.5,0,0,0,0,0,0,0,0,1,50.0,0,0,0,0,0,0,100.0,0,0,0,0,0,1,-1,0,0,-1,-1,alive
https://oos.annotext-online.de/op/generate.aspx,47,22,0,3,1,0,0,0,0,0,0,0,0,4,0,1,0,0,0,0,0,0,0,0,0,0.0,0.0,0,0,0,0,0,3,1,0,0,1,0,6,2,2,3,2,8,8,8,5.166666666666667,5.666666666666667,4.666666666666667,0,0,0,0,0,0,0,0,100.0,0,100.0,0.0,0,0,0,75.0,0,0,1,1,0,1,-1,0,0,-1,-1,alive
http://mevlutsloyanahard.ml/,28,20,0,1,0,0,0,0,0,0,0,0,0,3,0,1,0,0,0,0,0,0,0,0,1,0.0,0.0,0,0,0,0,0,1,0,0,0,0,0,1,0,17,17,0,17,17,0,17.0,17.0,0,0,0,0,0,1,0,0,0,0,0,0,0,0,0,0,0,0,0,0,0,0,1,-1,0,1,-1,-1,alive
http://microsoft.vira.my.or.id/,31,23,0,4,0,0,0,0,0,0,0,0,0,3,0,1,0,0,0,0,0,0,0,0,1,0.0,0.0,0,0,0,0,0,3,0,0,0,0,0,3,0,2,2,0,9,9,0,5.0,5.0,0,0,0,0,0,0,0,0,1,50.0,0,100.0,0.0,0,0,0,42.857142857142854,0,0,0,1,0,1,-1,0,0,-1,-1,alive
https://login.live.com/login.srf?wa=wsignin1.0&rpsnv=13&ct=1601497643&rver=7.3.6960.0&wp=MBI_SSL&wreply=https:%2F%2Fdev.msacademicverify.com%2F%3Fveriftoken%3Da-Bt9P9AM1bk_PXuzu7RALznySc6P3K7KP7H2iT7WblIsMXncE1OTbQxOcD4sdsMCpPHuRmvI4AbWpaC_ybGJ4lC75t07BD9e41rHNoNpvA1:wSq5hgze1UHaqOy3omFnhFT7NK1O_wO7AXUslqytU_lqsd0zU2E6HtX5_At_IjeZABXe9JVSe1opN5hcZb3PehKdNVyJpl7Pp2Pqv7hbQLU1&lc=1033&id=291893,394,14,1,9,1,0,1,7,0,8,7,0,5,3,0,3,0,0,0,0,0,1,0,1,0,0.19289340101522842,0.0,0,0,1,0,0,3,0,0,0,0,0,40,5,1,4,1,67,5,67,8.55,4.5,8.763157894736842,5,0,0,0,0,0,0,1,0.0,0,0,0,0,0,0,0,0,0,0,1,0,1,-1,0,0,-1,-1,alive
http://master-7rqtwti-7dwbsdx7tl4ic.us-4.magentosite.cloud/,59,51,0,3,3,0,0,0,0,0,0,0,0,3,0,1,0,0,0,0,0,0,0,0,1,0.0847457627118644,0.09803921568627451,0,0,0,0,0,3,0,0,0,0,0,6,0,1,1,0,13,13,0,6.666666666666667,6.666666666666667,0,1,0,0,0,0,0,0,0,0,0,0,0,0,0,0,100.0,0,0,0,1,1,1,-1,0,0,-1,-1,alive
https://ledershop-online.de/,28,19,0,1,1,0,0,0,0,0,0,0,0,3,0,1,0,0,0,0,0,0,0,0,0,0.0,0.0,0,0,0,0,0,1,1,0,0,2,0,2,0,6,6,0,9,9,0,7.5,7.5,0,0,0,0,0,0,0,0,1,50.0,0,16.9811320754717,83.01886792452831,0,0,0,44.44444444444444,0,0,0,0,0,1,-1,0,0,-1,-1,alive
https://www.banque-kolb-adhesion-assurance-emprunteur.com/signin,64,49,0,2,4,0,0,0,0,0,0,0,0,3,0,1,0,0,0,0,1,0,0,0,0,0.0,0.0,0,0,0,0,0,2,0,0,0,1,0,7,4,3,3,6,10,10,6,6.571428571428571,6.666666666666667,6.0,1,0,0,0,0,0,0,1,85.71428571428571,0,0,0,0,0,0,0,0,0,0,1,1,1,-1,0,0,-1,-1,alive
https://autodiscover.verbandswasserwerk-gangelt.de/owa/auth/logon.aspx?replaceCurrent=1&url=https%3a%2f%2fautodiscover.verbandswasserwerk-gangelt.de%2fowa,154,42,0,5,2,0,1,1,0,2,0,0,4,5,0,1,0,0,0,0,0,0,0,1,0,0.032467532467532464,0.0,0,0,1,0,0,3,1,0,0,2,0,18,4,1,7,1,18,18,18,7.0,12.333333333333334,5.933333333333334,0,0,0,0,0,0,0,0,100.0,0,100.0,0.0,0,0,0,0.0,0,0,0,1,0,1,-1,0,0,-1,-1,alive
http://amazonaffiliate.altervista.org/,38,30,0,2,0,0,0,0,0,0,0,0,0,3,0,1,0,0,0,0,0,0,0,0,1,0.0,0.0,0,0,0,0,0,2,0,0,0,0,0,2,1,10,10,0,15,15,0,12.5,12.5,0,0,0,0,0,0,0,0,0,0,0,0,0,0,0,0,0,0,0,0,1,0,1,-1,0,0,-1,-1,alive
https://outlook.staedtische-betriebe-korbach.de/owa/auth/logon.aspx?replaceCurrent=1&url=https%3a%2f%2foutlook.staedtische-betriebe-korbach.de%2fowa%2f,151,39,0,5,4,0,1,1,0,2,0,0,5,5,0,1,0,0,0,0,0,0,0,1,0,0.039735099337748346,0.0,0,0,1,0,0,3,0,0,0,2,0,21,4,1,7,1,14,11,14,5.714285714285714,8.25,5.117647058823529,0,0,0,0,0,0,0,0,100.0,0,100.0,0.0,0,0,0,0.0,0,0,0,1,0,1,-1,0,0,-1,-1,alive
https://www.iis.net/,20,11,0,2,0,0,0,0,0,0,0,0,0,3,0,1,0,0,0,0,1,0,0,0,0,0.0,0.0,0,0,0,0,0,2,0,0,0,0,0,2,4,3,3,0,3,3,0,3.0,3.0,0,0,0,0,0,0,0,0,1,35.714285714285715,0,0.0,100.0,0,0,0,16.0,0,0,0,0,0,1,-1,0,0,-1,-1,alive
https://kmlegacyagencyimages.azurewebsites.net/,47,38,0,2,0,0,0,0,0,0,0,0,0,3,0,1,0,0,0,0,0,0,0,0,0,0.0,0.0,0,0,0,0,0,2,0,0,0,0,0,2,0,13,13,0,20,20,0,16.5,16.5,0,2,0,0,0,0,2,0,1,0.0,0,0.0,100.0,0,0,0,0.0,0,0,0,1,0,1,-1,0,0,-1,-1,alive
http://www.homemedia.earthlink.serverguy.cloud/,47,39,0,4,0,0,0,0,0,0,0,0,0,3,0,1,0,0,0,0,1,0,0,0,1,0.0,0.0,0,0,0,0,0,3,0,0,0,0,0,4,3,3,3,0,9,9,0,7.5,7.5,0,0,0,0,0,0,2,0,1,75.0,0,100.0,0.0,0,0,0,0.0,0,0,0,1,1,1,-1,0,0,-1,-1,alive
https://autodiscover.zuidema-consult.ch/owa/auth/logon.aspx?url=https%3A%2F%2Fautodiscover.zuidema-consult.ch%2Fowa%2F&reason=0,127,31,0,5,2,0,1,1,0,2,0,0,5,5,0,1,0,0,0,0,0,0,0,1,0,0.047244094488188976,0.0,0,0,1,0,0,3,1,0,0,2,0,19,1,1,7,1,14,12,14,5.157894736842105,8.666666666666666,4.5,0,0,0,0,0,0,0,0,100.0,0,100.0,0.0,0,0,0,0.0,0,0,0,1,0,1,-1,0,0,-1,-1,alive
https://microsoftassists.com/,29,20,0,1,0,0,0,0,0,0,0,0,0,3,0,1,0,0,0,0,0,0,0,0,0,0.0,0.0,0,0,0,0,0,1,0,0,0,0,0,1,1,16,16,0,16,16,0,16.0,16.0,0,0,0,0,0,0,0,0,1,0.0,0,100.0,0.0,0,0,0,100.0,0,0,0,1,1,1,-1,0,0,-1,-1,alive
http://formation.sunucloud.com,30,23,0,2,0,0,0,0,0,0,0,0,0,2,0,1,0,0,0,0,0,0,0,0,1,0.0,0.0,0,0,0,0,0,2,0,0,0,1,0,2,0,9,9,0,9,9,0,9.0,9.0,0,0,0,0,0,0,0,0,1,0.0,0,0,0,0,0,0,66.66666666666666,0,0,0,1,0,1,-1,0,0,-1,-1,alive
https://author-aem65-qa.initialyze.com/libs/granite/core/content/login.html?resource=%2F&$$login$$=%24%24login%24%24&j_reason=unknown&j_reason_code=unknown,155,30,0,3,2,0,1,3,0,4,3,0,5,7,0,1,0,0,4,0,0,0,0,0,0,0.07096774193548387,0.06666666666666667,0,0,0,0,0,3,0,0,0,0,0,24,2,1,2,1,10,10,9,4.916666666666667,5.75,4.75,4,0,0,0,0,0,0,0,0,0,0,0,0,0,0,0,0,0,1,1,0,1,-1,0,0,-1,-1,alive
https://simuladorcartoes.portalmaisfoco.com.br/,47,38,0,3,0,0,0,0,0,0,0,0,0,3,0,1,0,0,0,0,0,0,0,0,0,0.0,0.0,0,0,0,0,0,3,0,0,0,0,0,2,0,14,14,0,16,16,0,15.0,15.0,0,0,0,0,0,0,0,0,0,50.0,0,100.0,0.0,0,0,0,0.0,0,0,0,1,0,1,-1,0,0,-1,-1,alive
https://www.microsoftcares.com/login,36,22,0,2,0,0,0,0,0,0,0,0,0,3,0,1,0,0,0,0,1,0,0,0,0,0.0,0.0,0,0,0,0,0,2,0,0,0,1,0,3,3,3,3,5,14,14,5,7.333333333333333,8.5,5.0,1,0,0,0,0,0,0,1,55.55555555555556,0,0,0,0,0,0,33.33333333333333,0,0,0,1,0,1,-1,0,0,-1,-1,alive
https://selfservice.tanner-diakonie.de/owa/auth/logon.aspx?url=https%3A%2F%2Fselfservice.tanner-diakonie.de%2Fowa%2F&reason=0,125,30,0,5,2,0,1,1,0,2,0,0,5,5,0,1,0,0,0,0,0,0,0,1,0,0.048,0.0,0,0,1,0,0,3,1,0,0,2,0,19,3,1,6,1,13,11,13,5.052631578947368,8.333333333333334,4.4375,0,0,0,0,0,0,0,0,100.0,0,100.0,0.0,0,0,0,0.0,0,0,0,1,0,1,-1,0,0,-1,-1,alive
http://sergio-puddu-yacht-italy-broker-truffatore.com/defaultsite,65,46,0,1,5,0,0,0,0,0,0,0,0,3,0,1,0,0,0,0,0,0,0,0,1,0.0,0.0,0,0,0,0,0,1,0,0,0,1,0,7,2,5,5,11,11,10,11,6.857142857142857,6.166666666666667,11.0,1,0,0,0,0,0,0,0,0,0,0.0,100.0,0,0,0,0,0,0,1,1,0,1,-1,0,0,-1,-1,alive
http://lp3.prize-2day.club/#,28,19,0,2,1,0,0,0,0,0,0,0,0,3,0,1,0,0,0,0,0,0,0,0,1,0.07142857142857142,0.10526315789473684,0,0,0,0,0,2,1,0,0,0,0,4,0,1,3,1,5,5,1,3.25,4.0,1.0,0,0,0,0,1,0,0,1,50.0,0,0,0,0,0,0,0,0,0,1,1,0,1,-1,0,0,-1,-1,alive
https://confirmation.preprod.dhl.purjus.fr/,43,34,0,4,0,0,0,0,0,0,0,0,0,3,0,1,0,0,0,0,0,0,0,0,0,0.0,0.0,0,0,0,0,0,3,0,0,0,0,0,4,0,3,3,0,12,12,0,7.0,7.0,0,0,0,0,0,0,0,0,0,100.0,0,100.0,0.0,0,0,0,0,0,0,0,1,1,1,-1,0,0,-1,-1,alive
http://www.chasedesigner.uforiaprojects.com/,44,36,0,3,0,0,0,0,0,0,0,0,0,3,0,1,0,0,0,0,1,0,0,0,1,0.0,0.0,0,0,0,0,0,3,0,0,0,0,0,3,3,3,3,0,14,14,0,10.0,10.0,0,0,0,0,0,0,0,0,0,0,0,0,0,0,0,0,0,0,0,0,1,0,1,-1,0,0,-1,-1,alive
https://office.dasha.bi/,24,15,0,2,0,0,0,0,0,0,0,0,0,3,0,1,0,0,0,0,0,0,0,0,0,0.0,0.0,0,0,0,0,0,2,0,0,0,0,0,2,1,5,5,0,6,6,0,5.5,5.5,0,0,0,0,0,0,0,0,0,0,0,100.0,0.0,0,0,0,100.0,0,0,0,1,1,1,-1,0,0,-1,-1,alive
https://activesync2.grolman-group.com/owa/auth/logon.aspx?replaceCurrent=1&url=https%3a%2f%2factivesync2.grolman-group.com%2fowa%2f,131,29,0,5,2,0,1,1,0,2,0,0,5,5,0,1,0,0,0,0,0,1,0,1,0,0.061068702290076333,0.034482758620689655,0,0,1,0,0,3,1,0,0,2,0,19,2,1,5,1,14,11,14,5.315789473684211,7.666666666666667,4.875,0,0,0,0,0,0,0,0,100.0,0,100.0,0.0,0,0,0,0.0,0,0,0,1,0,1,-1,0,0,-1,-1,alive
http://ooredoomm.portal.ncnd.fyi/nc/,36,25,0,3,0,0,0,0,0,0,0,0,0,4,0,1,0,0,0,0,0,0,0,0,1,0.0,0.0,0,0,0,0,0,3,0,0,0,1,0,4,3,2,4,2,9,9,2,5.25,6.333333333333333,2.0,0,0,0,0,0,0,0,0,100.0,0,100.0,0.0,0,0,0,0,0,0,0,0,1,1,-1,0,0,-1,-1,alive
https://sos.vodafoneshops.info/wp-login.php?redirect_to=https%3A%2F%2Fsos.vodafoneshops.info%2F&reauth=1,104,22,0,5,1,0,1,1,0,2,1,0,4,3,0,1,0,0,0,0,0,0,0,1,0,0.04807692307692308,0.0,0,0,1,0,0,3,0,0,0,1,0,16,1,1,3,1,13,13,13,4.75,8.0,4.285714285714286,2,0,0,0,0,0,0,0,0,0,0,0,0,0,0,0,0,0,0,1,0,1,-1,0,0,-1,-1,alive
http://copyright-center-form.gq/,32,24,0,1,2,0,0,0,0,0,0,0,0,3,0,1,0,0,0,0,0,0,0,0,1,0.0,0.0,0,0,0,0,0,1,0,0,0,0,0,3,0,4,4,0,9,9,0,6.333333333333333,6.333333333333333,0,0,0,0,0,0,0,0,0,0,0,0,0,0,0,0,0,0,0,0,0,0,1,-1,0,1,-1,-1,alive
https://exchange.paar-it.de/owa/auth/logon.aspx?url=https%3A%2F%2Fexchange.paar-it.de%2Fowa%2F&reason=0,103,19,0,5,2,0,1,1,0,2,0,0,5,5,0,1,0,0,0,0,0,0,0,1,0,0.05825242718446602,0.0,0,0,1,0,0,3,1,0,0,2,0,19,3,1,2,1,10,8,10,3.8947368421052633,4.666666666666667,3.75,0,0,0,0,0,0,0,0,100.0,0,100.0,0.0,0,0,0,0.0,0,0,0,1,0,1,-1,0,0,-1,-1,alive
http://sensu.migration-integration.secureserver.net,51,44,0,3,1,0,0,0,0,0,0,0,0,2,0,1,0,0,0,0,0,0,0,0,1,0.0,0.0,0,0,0,0,0,3,0,0,0,3,0,4,0,5,5,0,12,12,0,9.25,9.25,0,0,0,0,0,0,0,0,1,40.0,0,0.0,100.0,0,0,0,0.0,0,0,0,1,0,1,-1,0,0,-1,-1,alive
https://vodafone-stiftung-fuer-forschung.de/,44,35,0,1,3,0,0,0,0,0,0,0,0,3,0,1,0,0,0,0,0,0,0,0,0,0.0,0.0,0,0,0,0,0,1,0,0,0,0,0,4,0,4,4,0,9,9,0,7.25,7.25,0,0,0,0,0,0,0,0,0,100.0,0,100.0,0.0,0,0,0,0,0,0,0,1,1,1,-1,0,0,-1,-1,alive
http://atualizaemail.ml/?i=1,28,16,0,1,0,0,1,0,0,1,0,0,0,3,0,1,0,0,0,0,0,0,0,0,1,0.03571428571428571,0.0,0,0,0,0,0,1,0,0,0,0,0,3,0,1,13,1,13,13,1,5.0,13.0,1.0,0,0,0,0,1,0,0,0,0,0,0,0,0,0,0,0,0,0,0,0,0,1,-1,0,1,-1,-1,alive
https://office.dyyu.net/,24,15,0,2,0,0,0,0,0,0,0,0,0,3,0,1,0,0,0,0,0,0,0,0,0,0.0,0.0,0,0,0,0,0,2,0,0,0,0,0,2,2,4,4,0,6,6,0,5.0,5.0,0,0,0,0,0,0,0,0,0,0,0,0,0,0,0,0,0,0,0,0,1,1,1,-1,0,0,-1,-1,alive
https://author.rjr.activate.bounteous.com/libs/granite/core/content/login.html?resource=%2F&$$login$$=%24%24login%24%24&j_reason=unknown&j_reason_code=unknown,158,33,0,5,0,0,1,3,0,4,3,0,5,7,0,1,0,0,4,0,0,0,0,0,0,0.056962025316455694,0.0,0,0,0,0,0,3,0,0,0,0,0,24,2,1,3,1,9,9,9,5.041666666666667,6.5,4.75,4,0,0,0,0,0,0,0,0,0,0,0,0,0,0,0,0,0,0,1,0,1,-1,0,0,-1,-1,alive
http://muhammeddeneme.ml/,25,17,0,1,0,0,0,0,0,0,0,0,0,3,0,1,0,0,0,0,0,0,0,0,1,0.0,0.0,0,0,0,0,0,1,0,0,0,0,0,1,2,14,14,0,14,14,0,14.0,14.0,0,0,0,0,0,1,0,0,0,0,0,0,0,0,0,0,0,0,0,0,0,0,1,-1,0,1,-1,-1,alive
https://outlook.foga.com/owa/auth/logon.aspx?url=https%3A%2F%2Foutlook.foga.com%2Fowa&reason=0,94,16,0,5,0,0,1,1,0,2,0,0,4,5,0,1,0,0,0,0,0,1,0,1,0,0.05319148936170213,0.0,0,0,1,0,0,3,0,0,0,1,0,16,3,1,4,1,9,7,9,4.1875,5.5,4.0,0,0,0,0,0,0,0,0,100.0,0,100.0,0.0,0,0,0,0.0,0,0,0,1,0,1,-1,0,0,-1,-1,alive
http://autodiscover.design-kh.com,33,26,0,2,1,0,0,0,0,0,0,0,0,2,0,1,0,0,0,0,0,0,0,0,1,0.0,0.0,0,0,0,0,0,2,0,0,0,2,0,3,0,2,2,0,12,12,0,6.666666666666667,6.666666666666667,0,0,0,0,0,0,0,0,0,100.0,0,100.0,0.0,0,0,0,0.0,0,0,0,1,0,1,-1,0,0,-1,-1,alive
https://jira.btservices.fr/,27,18,0,2,0,0,0,0,0,0,0,0,0,3,0,1,0,0,0,0,0,0,0,0,0,0.0,0.0,0,0,0,0,0,2,0,0,0,0,0,2,0,4,4,0,10,10,0,7.0,7.0,0,0,0,0,0,0,2,0,0,100.0,0,100.0,0.0,0,0,0,42.857142857142854,0,0,0,1,1,1,-1,0,0,-1,-1,alive
https://www.ca-aquitaine.info/home,34,21,0,2,1,0,0,0,0,0,0,0,0,3,0,1,0,0,0,0,1,0,0,0,0,0.0,0.0,0,0,0,0,0,2,1,0,0,0,0,4,3,2,2,4,9,9,4,4.5,4.666666666666667,4.0,0,0,0,0,0,0,0,0,100.0,0,0,0,0,0,0,100.0,0,0,0,1,1,1,-1,0,0,-1,-1,alive
http://clapet.ar.pvcpression.fortfrance.net/,44,36,0,4,0,0,0,0,0,0,0,0,0,3,0,1,0,0,0,0,0,0,0,0,1,0.0,0.0,0,0,0,0,0,3,0,0,0,0,0,4,1,2,2,0,11,11,0,7.25,7.25,0,0,0,0,0,0,2,0,1,60.0,0,0,0,0,0,0,0.0,0,0,1,1,0,1,-1,0,0,-1,-1,alive
https://autodiscover.buero-gmbh.ch/owa/auth/logon.aspx?url=https%3A%2F%2Fautodiscover.buero-gmbh.ch%2Fowa%2F&reason=0,117,26,0,5,2,0,1,1,0,2,0,0,5,5,0,1,0,0,0,0,0,0,0,1,0,0.05128205128205128,0.0,0,0,1,0,0,3,1,0,0,2,0,19,1,1,4,1,14,12,14,4.631578947368421,7.0,4.1875,0,0,0,0,0,0,0,0,100.0,0,100.0,0.0,0,0,0,0.0,0,0,0,1,0,1,-1,0,0,-1,-1,alive
https://vedopyt.officego.de/,28,19,0,2,0,0,0,0,0,0,0,0,0,3,0,1,0,0,0,0,0,0,0,0,0,0.0,0.0,0,0,0,0,0,2,0,0,0,0,0,2,1,7,7,0,8,8,0,7.5,7.5,0,0,0,0,0,0,0,0,0,100.0,0,100.0,0.0,0,0,0,96.96969696969697,0,0,0,1,1,1,-1,0,0,-1,-1,alive
https://www.skype.com/en/unsupported-browser/,45,13,0,2,1,0,0,0,0,0,0,0,0,5,0,1,0,0,0,0,1,0,0,0,0,0.0,0.0,0,0,0,0,0,2,1,0,0,1,0,5,4,2,3,2,11,5,11,5.6,4.0,6.666666666666667,0,1,0,0,0,0,0,1,0.0,0,25.0,75.0,0,0,0,4.918032786885246,0,0,0,0,1,1,-1,0,0,-1,-1,alive
https://autodiscover.c21northcyprus.com/owa/auth/logon.aspx?url=https%3A%2F%2Fexchange-owa%2Fowa%2F&reason=0,108,31,0,3,1,0,1,1,0,2,0,0,5,5,0,1,0,0,0,0,0,0,0,1,0,0.07407407407407407,0.06451612903225806,0,0,0,0,0,3,0,0,0,2,0,16,1,1,12,1,14,14,10,5.0625,13.0,3.9285714285714284,0,0,0,0,0,0,0,0,100.0,0,100.0,0.0,0,0,0,0.0,0,0,0,1,0,1,-1,0,0,-1,-1,alive
http://ig-helpteam.ml/,22,14,0,1,1,0,0,0,0,0,0,0,0,3,0,1,0,0,0,0,0,0,0,0,1,0.0,0.0,0,0,0,0,0,1,1,0,0,0,0,2,0,2,2,0,8,8,0,5.0,5.0,0,0,0,0,0,1,0,0,0,0,0,0,0,0,0,0,0,0,0,0,0,0,1,-1,0,1,-1,-1,alive
https://gib-icicibank.allincall.in/chat/login/,46,26,0,2,1,0,0,0,0,0,0,0,0,5,0,1,0,0,0,0,0,0,0,0,0,0.0,0.0,0,0,1,0,0,2,1,0,0,2,0,5,2,3,3,4,9,9,5,6.0,7.0,4.5,1,0,0,0,0,0,0,1,87.5,0,100.0,0.0,0,0,0,100.0,0,0,0,1,1,1,-1,0,0,-1,-1,alive
https://autodiscover.fiechter-mail.ch/owa/auth/logon.aspx?url=https%3A%2F%2Fautodiscover.fiechter-mail.ch%2Fowa%2F&reason=0,123,29,0,5,2,0,1,1,0,2,0,0,5,5,0,1,0,0,0,0,0,0,0,1,0,0.04878048780487805,0.0,0,0,1,0,0,3,1,0,0,2,0,19,1,1,4,1,14,12,14,4.947368421052632,8.0,4.375,0,0,0,0,0,0,0,0,100.0,0,100.0,0.0,0,0,0,0.0,0,0,0,1,0,1,-1,0,0,-1,-1,alive
https://tafperformance.to.on.ec.gc.ca/,38,29,0,5,0,0,0,0,0,0,0,0,0,3,0,1,0,0,0,0,0,0,0,0,0,0.0,0.0,0,0,0,0,0,3,0,0,0,0,0,4,0,2,2,0,14,14,0,5.0,5.0,0,0,0,0,0,0,0,0,0,83.33333333333334,0,0,0,0,0,0,0,0,0,0,1,1,1,-1,0,0,-1,-1,alive
https://autodiscover.bayviewhilldental.com/owa/auth/logon.aspx?replaceCurrent=1&url=https%3a%2f%2fautodiscover.bayviewhilldental.com%2fowa%2f,141,34,0,5,0,0,1,1,0,2,0,0,5,5,0,1,0,0,0,0,0,1,0,1,0,0.0425531914893617,0.0,0,0,1,0,0,3,0,0,0,2,0,17,4,1,12,1,17,17,17,6.647058823529412,14.5,5.6,2,0,0,0,0,0,0,0,100.0,0,100.0,0.0,0,0,0,0.0,0,0,0,1,0,1,-1,0,0,-1,-1,alive
http://www.postbank.nastop-bg.com/,34,26,0,3,1,0,0,0,0,0,0,0,0,3,0,1,0,0,0,0,1,0,0,0,1,0.0,0.0,0,0,0,0,0,3,1,0,0,0,0,4,3,2,2,0,8,8,0,4.75,4.75,0,0,0,0,0,0,0,0,0,100.0,0,100.0,0.0,0,0,0,0.0,0,0,0,1,1,1,-1,0,0,-1,-1,alive
https://mail.myactiveserver.com/owa/auth/logon.aspx?replaceCurrent=1&url=https%3a%2f%2fmail.myactiveserver.com%2fowa,116,23,0,5,0,0,1,1,0,2,0,0,4,5,0,1,0,0,0,0,0,1,0,1,0,0.04310344827586207,0.0,0,0,1,0,0,3,0,0,0,2,0,16,2,1,4,1,14,14,14,5.5625,9.0,5.071428571428571,0,0,0,0,0,0,0,0,100.0,0,100.0,0.0,0,0,0,0.0,0,0,0,1,0,1,-1,0,0,-1,-1,alive
http://endostacertifica-srfe.gq/5fcf2204a124113/region.php?particulier#_5fcf2204a124113f2,89,24,1,2,1,0,1,0,0,0,1,0,0,4,0,1,0,0,0,0,0,0,0,0,1,0.25842696629213485,0.0,0,0,0,0,0,2,1,0,0,0,0,7,4,3,4,3,17,16,17,10.428571428571429,10.0,10.6,0,0,0,0,0,0,0,0,0,0,0,0,0,0,0,0,0,0,0,0,0,1,-1,0,1,-1,-1,alive
https://mx01.dustonline.de/owa/auth/logon.aspx?url=https%3A%2F%2Fmx01.dustonline.de%2Fowa%2F&reason=0,101,18,0,5,0,0,1,1,0,2,0,0,5,5,0,1,0,0,0,0,0,0,0,1,0,0.09900990099009901,0.1111111111111111,0,0,1,0,0,3,0,0,0,2,0,17,1,1,4,1,10,10,10,4.352941176470588,7.0,4.0,0,0,0,0,0,0,0,0,100.0,0,100.0,0.0,0,0,0,0.0,0,0,0,1,0,1,-1,0,0,-1,-1,alive
https://webmail.bond360.net/owa/auth/logon.aspx?replaceCurrent=1&url=https%3a%2f%2fwebmail.bond360.net%2fowa,108,19,0,5,0,0,1,1,0,2,0,0,4,5,0,1,0,0,0,0,0,0,0,1,0,0.10185185185185185,0.15789473684210525,0,0,1,0,0,3,0,0,0,2,0,16,2,1,7,1,14,7,14,5.0625,7.0,4.785714285714286,0,0,0,0,0,2,0,0,100.0,0,100.0,0.0,0,0,0,0.0,0,0,0,1,0,1,-1,0,0,-1,-1,alive
https://santander.b4.wrvc.co.uk/,32,23,0,4,0,0,0,0,0,0,0,0,0,3,0,1,0,0,0,0,0,0,0,0,0,0.03125,0.043478260869565216,0,0,0,0,0,3,0,0,0,0,0,3,0,2,2,0,9,9,0,5.0,5.0,0,0,0,0,0,0,0,0,0,0,0,0,0,0,0,0,0,0,0,0,1,0,1,-1,0,0,-1,-1,alive
https://mail.myoffice.ovh/owa/auth/logon.aspx?url=https%3A%2F%2Fmail.myoffice.ovh%2Fowa%2F&reason=0&s=C1DA0288C20F5D7AC1EB9649EF099B5D2C11DF27,142,17,1,5,0,0,1,2,0,3,0,0,5,5,0,1,0,0,0,0,0,0,0,1,0,0.20422535211267606,0.0,0,0,1,0,0,3,0,0,0,2,0,19,6,1,4,1,40,8,40,5.894736842105263,6.0,5.882352941176471,0,0,0,0,0,2,0,0,100.0,0,100.0,0.0,0,0,0,0.0,0,0,0,1,0,1,-1,0,0,-1,-1,alive
https://verizon.sitecontrol.spstaging.hostway.com/SiteControl/R03150815/plugins/commons/init.tile,97,41,1,5,0,0,0,0,0,0,0,0,0,7,0,1,0,0,0,0,0,1,0,0,0,0.08247422680412371,0.0,0,0,1,0,0,3,0,0,0,1,0,10,1,4,7,4,11,11,11,7.6,8.5,7.0,3,0,0,0,0,0,0,0,100.0,0,100.0,0.0,0,0,0,0,0,0,0,1,1,1,-1,0,0,-1,-1,alive
https://openaccount-online.unicredit.it/it/index.html,53,31,0,3,1,0,0,0,0,0,0,0,0,4,0,1,0,0,0,0,0,0,0,0,0,0.0,0.0,0,0,1,0,0,3,1,0,0,0,0,6,1,2,6,2,11,11,5,6.166666666666667,8.666666666666666,3.6666666666666665,0,0,0,0,0,0,0,0,0,0,0,0,0,0,0,0,0,0,0,1,0,1,-1,0,0,-1,-1,alive
https://hilfevideo-upload.telekom-dienste.de/login,50,36,0,2,2,0,0,0,0,0,0,0,0,3,0,1,0,0,0,0,0,0,0,0,0,0.0,0.0,0,0,0,1,0,2,0,0,0,1,0,5,0,5,6,5,10,10,5,7.0,7.5,5.0,1,0,0,0,0,0,0,0,100.0,0,0,0,0,0,0,0,0,0,0,1,0,1,-1,0,0,-1,-1,alive
https://support.orange-business.voicepublisher.net/,51,42,0,3,1,0,0,0,0,0,0,0,0,3,0,1,0,0,0,0,0,0,0,0,0,0.0,0.0,0,0,0,0,0,3,1,0,0,0,0,4,2,6,6,0,14,14,0,8.75,8.75,0,0,0,0,0,0,2,0,0,0,0,0,0,0,0,0,0,0,0,0,1,0,1,-1,0,0,-1,-1,alive
https://365006365.cc:8989/,26,12,1,1,0,0,0,0,0,0,0,0,0,3,0,2,0,0,0,0,0,0,0,0,0,0.5,0.75,0,1,0,0,1,1,0,0,0,0,0,1,1,9,9,0,9,9,0,9.0,9.0,0,0,0,0,0,0,0,0,0,0,0,0,0,0,0,0,0,0,0,1,1,0,1,-1,0,0,-1,-1,alive
http://internal-login.ulink.bio,31,24,0,2,1,0,0,0,0,0,0,0,0,2,0,1,0,0,0,0,0,0,0,0,1,0.0,0.0,0,0,0,0,0,2,0,0,0,5,0,3,0,5,5,0,8,8,0,6.0,6.0,0,1,0,0,0,0,0,0,0,80.0,0,100.0,0.0,0,0,0,0,0,0,0,1,0,1,-1,0,0,-1,-1,alive
https://autodiscover.huegin-schenk.ch/owa/auth/logon.aspx?replaceCurrent=1&url=https%3a%2f%2fautodiscover.huegin-schenk.ch%2fowa%2f,131,29,0,5,2,0,1,1,0,2,0,0,5,5,0,1,0,0,0,0,0,0,0,1,0,0.04580152671755725,0.0,0,0,1,0,0,3,1,0,0,2,0,19,2,1,6,1,14,12,14,5.368421052631579,8.0,4.875,0,0,0,0,0,0,0,0,100.0,0,100.0,0.0,0,0,0,0.0,0,0,0,1,0,1,-1,0,0,-1,-1,alive
https://mail.consultic.info/owa/auth/logon.aspx?url=https%3A%2F%2Fmail.consultic.info%2Fowa%2F&reason=0,103,19,0,5,0,0,1,1,0,2,0,0,5,5,0,1,0,0,0,0,0,0,0,1,0,0.05825242718446602,0.0,0,0,1,0,0,3,0,0,0,2,0,17,1,1,4,1,9,9,9,4.352941176470588,6.5,4.066666666666666,0,0,0,0,0,0,0,0,100.0,0,100.0,0.0,0,0,0,0.0,0,0,0,1,0,1,-1,0,0,-1,-1,alive
http://fb-copyright-removal.ml/,31,23,0,1,2,0,0,0,0,0,0,0,0,3,0,1,0,0,0,0,0,0,0,0,1,0.0,0.0,0,0,0,0,0,1,0,0,0,0,0,3,0,2,2,0,9,9,0,6.0,6.0,0,0,0,0,0,1,0,0,0,0,0,0,0,0,0,0,0,0,0,0,0,0,1,-1,0,1,-1,-1,alive
http://www.inmycity.earthlink.serverguy.cloud/,46,38,0,4,0,0,0,0,0,0,0,0,0,3,0,1,0,0,0,0,1,0,0,0,1,0.0,0.0,0,0,0,0,0,3,0,0,0,0,0,4,3,3,3,0,9,9,0,7.25,7.25,0,0,0,0,0,0,2,0,1,68.75,0,91.66666666666666,8.333333333333332,0,0,0,16.666666666666664,0,0,0,1,1,1,-1,0,0,-1,-1,alive
https://mail.dustonline.de/owa/auth/logon.aspx?url=https%3A%2F%2Fmail.dustonline.de%2Fowa%2F&reason=0,101,18,0,5,0,0,1,1,0,2,0,0,5,5,0,1,0,0,0,0,0,0,0,1,0,0.0594059405940594,0.0,0,0,1,0,0,3,0,0,0,2,0,17,1,1,4,1,10,10,10,4.352941176470588,7.0,4.0,0,0,0,0,0,0,0,0,100.0,0,100.0,0.0,0,0,0,0.0,0,0,0,1,0,1,-1,0,0,-1,-1,alive
http://acontsuspends-safttypaqess0011.gq/,41,33,0,1,1,0,0,0,0,0,0,0,0,3,0,1,0,0,0,0,0,0,0,0,1,0.0975609756097561,0.12121212121212122,0,0,0,0,0,1,1,0,0,0,0,2,4,13,13,0,16,16,0,14.5,14.5,0,0,0,0,0,0,0,0,0,0,0,0,0,0,0,0,0,0,0,0,0,0,1,-1,0,1,-1,-1,alive
https://www.banque-tarneaud-adhesion-assurance-emprunteur.com/signin,68,53,0,2,4,0,0,0,0,0,0,0,0,3,0,1,0,0,0,0,1,0,0,0,0,0.0,0.0,0,0,0,0,0,2,0,0,0,1,0,7,4,3,3,6,10,10,6,7.142857142857143,7.333333333333333,6.0,1,0,0,0,0,0,0,1,85.71428571428571,0,0,0,0,0,0,0,0,0,0,1,1,1,-1,0,0,-1,-1,alive
http://nptap.netflixstudios.com,31,24,0,2,0,0,0,0,0,0,0,0,0,2,0,1,0,0,0,0,0,0,0,0,1,0.0,0.0,0,0,0,0,0,2,0,0,0,1,0,2,0,5,5,0,14,14,0,9.5,9.5,0,0,0,0,0,0,0,0,1,63.63636363636363,0,0,0,0,0,0,0,0,0,0,1,0,1,-1,0,0,-1,-1,alive
https://outlook.dinklage.de/owa/auth/logon.aspx?url=https%3A%2F%2Foutlook.dinklage.de%2Fowa%2F&reason=0,103,19,0,5,0,0,1,1,0,2,0,0,5,5,0,1,0,0,0,0,0,0,0,1,0,0.05825242718446602,0.0,0,0,1,0,0,3,0,0,0,2,0,17,3,1,7,1,9,8,9,4.470588235294118,7.5,4.066666666666666,0,0,0,0,0,0,0,0,100.0,0,100.0,0.0,0,0,0,0.0,0,0,0,1,0,1,-1,0,0,-1,-1,alive
http://zuhause-informiert-sparkasse-sha.de,42,35,0,1,3,0,0,0,0,0,0,0,0,2,0,1,0,0,0,0,0,0,0,0,1,0.0,0.0,0,0,0,0,0,1,0,0,0,3,0,4,1,3,3,0,10,10,0,7.25,7.25,0,0,0,0,0,0,0,0,1,90.0,0,27.27272727272727,72.72727272727273,0,0,0,76.19047619047619,0,0,0,1,0,1,-1,0,0,-1,-1,alive
https://www.internetserviceomaha.org/,37,28,0,2,0,0,0,0,0,0,0,0,0,3,0,1,0,0,0,0,1,0,0,0,0,0.0,0.0,0,0,0,0,0,2,0,0,0,0,0,2,3,3,3,0,20,20,0,11.5,11.5,0,0,0,0,0,0,0,0,0,100.0,0,100.0,0.0,0,0,0,58.333333333333336,0,0,0,1,1,1,-1,0,0,-1,-1,alive
https://formazionedealer.it/login/index.php,43,19,0,2,0,0,0,0,0,0,0,0,0,4,0,1,0,0,0,0,0,0,0,0,0,0.0,0.0,0,0,0,0,0,2,0,0,0,1,0,4,0,3,16,3,16,16,5,7.25,16.0,4.333333333333333,1,0,0,0,0,0,0,1,0.0,0,100.0,0.0,0,0,0,100.0,0,0,0,1,1,1,-1,0,0,-1,-1,alive
https://webmail.funkhaus-bayreuth.de/owa/auth/logon.aspx?url=https%3A%2F%2F172.16.16.9%2Fowa%2F&reason=0,104,28,0,6,1,0,1,1,0,2,0,0,5,5,0,1,0,0,0,0,0,0,0,1,0,0.1346153846153846,0.0,0,0,0,0,0,3,1,0,0,2,0,19,1,1,7,1,8,8,6,3.9473684210526314,7.666666666666667,3.25,0,0,0,0,0,0,0,0,100.0,0,100.0,0.0,0,0,0,0.0,0,0,0,1,0,1,-1,0,0,-1,-1,alive
http://autodiscover.fueger-gmbh.de,34,27,0,2,1,0,0,0,0,0,0,0,0,2,0,1,0,0,0,0,0,0,0,0,1,0.0,0.0,0,0,0,0,0,2,0,0,0,3,0,3,0,4,4,0,12,12,0,7.333333333333333,7.333333333333333,0,0,0,0,0,0,0,0,0,100.0,0,100.0,0.0,0,0,0,0.0,0,0,0,1,0,1,-1,0,0,-1,-1,alive
https://auth.prod.cp.kpn-dsh.com/auth/realms/prod-lz-dsh/protocol/openid-connect/auth?client_id=dsh-tenant-shared-services&redirect_uri=https%3A%2F%2Ftracing.dsh-prod.dsh.prod.aws.kpn.com%2F_oauth&response_type=code&scope=openid+profile+email+manage%3Aprod-lz-dsh&state=d1076c055236ab99bb949ce98d624847%3Ahttps%3A%2F%2Ftracing.dsh-prod.dsh.prod.aws.kpn.com%2F,359,24,1,16,11,0,1,4,0,5,4,0,10,8,0,1,0,0,0,0,0,2,0,2,0,0.09192200557103064,0.0,0,0,1,0,0,3,1,0,0,0,0,57,6,2,2,2,32,4,32,5.105263157894737,3.2,5.288461538461538,0,0,0,0,0,2,0,0,0,0,0,0,0,0,0,0,0,0,1,1,0,1,-1,0,0,-1,-1,alive
http://ig-helpforcopyright.cf/,30,22,0,1,1,0,0,0,0,0,0,0,0,3,0,1,0,0,0,0,0,0,0,0,1,0.0,0.0,0,0,0,0,0,1,1,0,0,0,0,2,0,2,2,0,16,16,0,9.0,9.0,0,0,0,0,0,0,0,0,0,0,0,0,0,0,0,0,0,0,0,0,0,0,1,-1,0,1,-1,-1,alive
https://ficrespl.santanderconsumer.com/UI/Default.aspx,54,30,0,3,0,0,0,0,0,0,0,0,0,4,0,1,0,0,0,0,0,0,0,0,0,0.0,0.0,0,0,0,0,0,3,0,0,0,0,0,5,0,2,8,2,17,17,7,7.6,12.5,4.333333333333333,0,0,0,0,0,0,0,0,100.0,0,0,0,0,0,0,0,0,0,0,1,0,1,-1,0,0,-1,-1,alive
https://autodiscover.nachbarschaftshilfe-kirchheim.de/owa/auth/logon.aspx?url=https%3A%2F%2Fautodiscover.nachbarschaftshilfe-kirchheim.de%2Fowa%2F&reason=0&s=696C7DE8DE933E1B7BA2B529E1E9F96CD378277B,198,45,1,5,2,0,1,2,0,3,0,0,5,5,0,1,0,0,0,0,0,0,0,1,0,0.15151515151515152,0.0,0,0,1,0,0,3,1,0,0,2,0,21,5,1,9,1,40,19,40,7.9523809523809526,13.333333333333334,7.055555555555555,0,0,0,0,0,0,0,0,100.0,0,100.0,0.0,0,0,0,0.0,0,0,0,1,0,1,-1,0,0,-1,-1,alive
https://exch.onkta.dk/owa/auth/logon.aspx?url=https%3A%2F%2Fexch.onkta.dk%2Fowa%2F&reason=0,91,13,0,5,0,0,1,1,0,2,0,0,5,5,0,1,0,0,0,0,0,0,0,1,0,0.06593406593406594,0.0,0,0,1,0,0,3,0,0,0,2,0,17,1,1,4,1,6,5,6,3.764705882352941,4.5,3.6666666666666665,0,0,0,0,0,0,0,0,100.0,0,100.0,0.0,0,0,0,0.0,0,0,0,1,0,1,-1,0,0,-1,-1,alive
https://www.inqa-check-vielfalt-verwaltung.de/check-vielfalt-verwaltung/index.html,82,37,0,3,5,0,0,0,0,0,0,0,0,4,0,1,0,0,0,0,1,0,0,0,0,0.0,0.0,0,0,1,0,0,3,0,0,0,1,0,10,3,3,3,4,10,10,10,6.2,6.0,6.4,0,0,0,0,0,0,0,0,100.0,0,0,0,0,0,0,0,0,0,0,1,0,1,-1,0,0,-1,-1,alive
http://condev.k5online.de/de/,29,18,0,2,0,0,0,0,0,0,0,0,0,4,0,1,0,0,0,0,0,0,0,0,1,0.034482758620689655,0.05555555555555555,0,0,1,1,0,2,0,0,0,1,0,3,0,2,6,2,8,8,2,5.333333333333333,7.0,2.0,0,0,0,0,0,0,0,1,96.7741935483871,0,100.0,0.0,0,0,0,0.0,0,0,0,1,0,1,-1,0,0,-1,-1,alive
https://outlook.guenter-kunststoffmaschinen.de/owa/auth/logon.aspx?url=https%3A%2F%2Foutlook.guenter-kunststoffmaschinen.de%2Fowa%2F&reason=0&s=405037C47F35CA302BBB2CBC0A8F743467CA9D24,184,38,1,5,2,0,1,2,0,3,0,0,5,5,0,1,0,0,0,0,0,0,0,1,0,0.16847826086956522,0.0,0,0,1,0,0,3,1,0,0,2,0,21,8,1,7,1,40,19,40,7.285714285714286,11.0,6.666666666666667,0,0,0,0,0,0,0,0,100.0,0,100.0,0.0,0,0,0,0.0,0,0,0,1,0,1,-1,0,0,-1,-1,alive
https://autodiscover.pfeiferonline.info/owa/auth/logon.aspx?url=https%3A%2F%2Fautodiscover.pfeiferonline.info%2Fowa&reason=0,124,31,0,5,0,0,1,1,0,2,0,0,4,5,0,1,0,0,0,0,0,0,0,1,0,0.04032258064516129,0.0,0,0,1,0,0,3,0,0,0,2,0,16,1,1,12,1,14,13,14,6.0,12.5,5.071428571428571,0,0,0,0,0,0,0,0,100.0,0,100.0,0.0,0,0,0,0.0,0,0,0,1,0,1,-1,0,0,-1,-1,alive
https://owa.de2.hostedoffice.ag/owa/auth/logon.aspx?url=https%3A%2F%2Fowa.de2.hostedoffice.ag%2Fowa%2F&reason=0,111,23,0,7,0,0,1,1,0,2,0,0,5,5,0,1,0,0,0,0,0,0,0,1,0,0.07207207207207207,0.043478260869565216,0,0,1,0,0,3,0,0,0,2,0,19,3,1,3,1,12,12,12,4.315789473684211,6.0,4.0,0,0,0,0,0,2,0,0,100.0,0,100.0,0.0,0,0,0,0.0,0,0,0,1,0,1,-1,0,0,-1,-1,alive
https://apio.lloydsbank.co.uk/personal/logon/login.jsp,54,21,0,4,0,0,0,0,0,0,0,0,0,5,0,1,0,0,0,0,0,0,0,0,0,0.0,0.0,0,0,0,0,0,3,0,0,0,0,0,6,1,3,4,3,10,10,8,5.833333333333333,7.0,5.25,2,0,0,0,0,0,0,0,100.0,0,100.0,0.0,0,0,0,14.285714285714285,0,0,0,1,0,1,-1,0,0,-1,-1,alive
https://login.h-h.ch/owa/auth/logon.aspx?url=https%3A%2F%2Flogin.h-h.ch%2Fowa%2F&reason=0,89,12,0,5,2,0,1,1,0,2,0,0,5,5,0,1,0,0,0,0,0,0,0,1,0,0.06741573033707865,0.0,0,0,1,0,0,3,1,0,0,2,0,19,1,1,1,1,7,5,7,3.1578947368421053,2.3333333333333335,3.3125,2,0,0,0,0,0,0,0,100.0,0,100.0,0.0,0,0,0,0.0,0,0,0,1,0,1,-1,0,0,-1,-1,alive
http://pre-ciberseguridad.onlineassist.me/,42,34,0,2,1,0,0,0,0,0,0,0,0,3,0,1,0,0,0,0,0,0,0,0,1,0.0,0.0,0,0,0,0,0,2,1,0,0,0,0,3,1,3,3,0,14,14,0,9.666666666666666,9.666666666666666,0,0,0,0,0,0,0,0,0,0,0,0,0,0,0,0,0,0,0,0,1,0,1,-1,0,0,-1,-1,alive
http://d2sqphfnaqueyl.cloudfront.net/,37,29,0,2,0,0,0,0,0,0,0,0,0,3,0,1,0,0,0,0,0,0,0,0,1,0.02702702702702703,0.034482758620689655,0,0,0,0,0,2,0,0,0,0,0,2,0,10,10,0,14,14,0,12.0,12.0,0,0,0,0,0,0,2,0,0,0,0,0,0,0,0,0,0,0,0,1,1,0,1,-1,0,0,-1,-1,alive
https://colony-live.com/,24,15,0,1,1,0,0,0,0,0,0,0,0,3,0,1,0,0,0,0,0,0,0,0,0,0.0,0.0,0,0,0,0,0,1,1,0,0,1,0,2,0,4,4,0,6,6,0,5.0,5.0,0,0,0,0,0,0,0,0,0,0,0,0,0,0,0,0,0,0,0,0,1,0,1,-1,0,0,-1,-1,alive
https://owa.buergel-dortmund.de/owa/auth/logon.aspx?url=https%3A%2F%2F192.168.19.22%2Fowa%2F&reason=0,101,23,0,6,1,0,1,1,0,2,0,0,5,5,0,1,0,0,0,0,0,0,0,1,0,0.15841584158415842,0.0,0,0,0,0,0,3,1,0,0,2,0,19,2,1,3,1,8,8,6,3.789473684210526,6.0,3.375,0,0,0,0,0,0,0,0,100.0,0,100.0,0.0,0,0,0,0.0,0,0,0,1,0,1,-1,0,0,-1,-1,alive
http://autodiscover.oslobremseservice.no,40,33,0,2,0,0,0,0,0,0,0,0,0,2,0,1,0,0,0,0,0,0,0,0,1,0.0,0.0,0,0,0,0,0,2,0,0,0,2,0,2,0,12,12,0,17,17,0,14.5,14.5,0,0,0,0,0,0,0,1,1,33.33333333333333,0,0.0,100.0,0,0,0,30.0,0,0,0,1,0,1,-1,0,0,-1,-1,alive
https://www.emaisgoias.com.br/,30,21,0,3,0,0,0,0,0,0,0,0,0,3,0,1,0,0,0,0,1,0,0,0,0,0.0,0.0,0,0,0,0,0,3,0,0,0,1,0,2,3,3,3,0,10,10,0,6.5,6.5,0,0,0,0,0,0,0,1,1,11.627906976744185,0,0.0,100.0,0,0,0,0.0,0,0,0,1,1,1,-1,0,0,-1,-1,alive
https://nkds.telekom-dienste.de/,32,23,0,2,1,0,0,0,0,0,0,0,0,3,0,1,0,0,0,0,0,0,0,0,0,0.0,0.0,0,0,0,0,0,2,1,0,0,0,0,3,0,4,4,0,7,7,0,6.0,6.0,0,0,0,0,0,0,0,0,0,100.0,0,28.57142857142857,71.42857142857143,0,0,0,8.333333333333332,0,0,0,1,1,1,-1,0,0,-1,-1,alive
https://exchange.caritas-lebach.de/owa/auth/logon.aspx?url=https%3A%2F%2F10.22.12.19%2Fowa%2F&reason=0,102,26,0,6,1,0,1,1,0,2,0,0,5,5,0,1,0,0,0,0,0,0,0,1,0,0.13725490196078433,0.0,0,0,0,0,0,3,1,0,0,2,0,19,2,1,6,1,8,8,6,3.8421052631578947,7.0,3.25,0,0,0,0,0,2,0,0,100.0,0,100.0,0.0,0,0,0,0.0,0,0,0,1,0,1,-1,0,0,-1,-1,alive
https://mail.carrado.com/owa/auth/logon.aspx?url=https%3A%2F%2Fmail.carrado.com%2Fowa%2F&reason=0,97,16,0,5,0,0,1,1,0,2,0,0,5,5,0,1,0,0,0,0,0,1,0,1,0,0.061855670103092786,0.0,0,0,1,0,0,3,0,0,0,2,0,17,3,1,4,1,7,7,7,4.0588235294117645,5.5,3.8666666666666667,0,0,0,0,0,0,0,0,100.0,0,100.0,0.0,0,0,0,0.0,0,0,0,1,0,1,-1,0,0,-1,-1,alive
http://hsbctest.webdev-clever-soft.de/,38,30,0,2,2,0,0,0,0,0,0,0,0,3,0,1,0,0,0,0,0,0,0,0,1,0.0,0.0,0,0,0,0,0,2,0,0,0,0,0,4,0,4,4,0,8,8,0,6.0,6.0,0,0,0,0,0,0,0,0,1,83.33333333333334,0,100.0,0.0,0,0,0,0.0,0,0,0,1,1,1,-1,0,0,-1,-1,alive
https://santandernegocioseempresas.com.br/,42,33,0,2,0,0,0,0,0,0,0,0,0,3,0,1,0,0,0,0,0,0,0,0,0,0.0,0.0,0,0,0,0,0,2,0,0,0,0,0,1,1,26,26,0,26,26,0,26.0,26.0,0,0,0,0,0,0,0,0,0,75.0,0,97.5609756097561,2.4390243902439024,0,0,0,33.33333333333333,0,0,0,1,1,1,-1,0,0,-1,-1,alive
https://epp.unicreditbank.hu/epp/index.html?defaultLanguage=hungarian&amp;forcedesktop=true&amp;session_id=741785a6a243055f4785344b971ae7e0973c67dc,147,20,1,3,0,0,1,2,0,3,1,0,0,4,0,1,0,2,0,0,0,0,0,0,0,0.20408163265306123,0.0,0,0,1,0,0,3,0,0,0,1,0,12,5,2,3,2,40,13,40,10.416666666666666,8.0,10.9,0,0,0,0,0,0,0,0,100.0,0,100.0,0.0,0,0,0,0.0,0,0,0,1,1,1,-1,0,0,-1,-1,alive
https://recuperaciones.santanderconsumer.cl/,44,35,0,2,0,0,0,0,0,0,0,0,0,3,0,1,0,0,0,0,0,0,0,0,0,0.0,0.0,0,0,0,0,0,2,0,0,0,0,0,2,0,14,14,0,17,17,0,15.5,15.5,0,0,0,0,0,0,2,0,0,0,0,0,0,0,0,0,0,0,0,0,1,0,1,-1,0,0,-1,-1,alive
http://www.giantworldwireless.earthlink.serverguy.cloud,55,48,0,4,0,0,0,0,0,0,0,0,0,2,0,1,0,0,0,0,1,0,0,0,1,0.0,0.0,0,0,0,0,0,3,0,0,0,0,0,4,4,3,3,0,18,18,0,9.75,9.75,0,0,0,0,0,0,2,0,1,75.0,0,100.0,0.0,0,0,0,0.0,0,0,0,1,1,1,-1,0,0,-1,-1,alive
https://ov-bad-kreuznach.thw.de/,32,23,0,2,2,0,0,0,0,0,0,0,0,3,0,1,0,0,0,0,0,0,0,0,0,0.0,0.0,0,0,0,0,0,2,0,0,0,0,0,4,0,2,2,0,9,9,0,4.25,4.25,0,0,0,0,0,0,0,0,0,100.0,0,100.0,0.0,0,0,0,28.57142857142857,0,0,0,0,1,1,-1,0,0,-1,-1,alive
https://bnc.prod.direct.getbreathe.life/,40,31,0,4,0,0,0,0,0,0,0,0,0,3,0,1,0,0,0,0,0,0,0,0,0,0.0,0.0,0,0,0,0,0,3,0,0,0,0,0,4,0,3,3,0,10,10,0,5.75,5.75,0,0,0,0,0,0,2,0,0,98.27586206896551,0,0,0,0,0,0,0,0,0,0,1,0,1,-1,0,0,-1,-1,alive
http://www.push-live.de/,24,16,0,2,1,0,0,0,0,0,0,0,0,3,0,1,0,0,0,0,1,0,0,0,1,0.0,0.0,0,0,0,0,0,2,1,0,0,1,0,3,3,3,3,0,4,4,0,3.6666666666666665,3.6666666666666665,0,0,0,0,0,0,0,1,1,75.0,0,95.83333333333334,4.166666666666666,0,0,0,30.0,0,0,0,1,1,1,-1,0,0,-1,-1,alive
https://autodiscover.1964erenkoymucahitleri.com/owa/auth/logon.aspx?url=https%3A%2F%2Fexchange-owa%2Fowa%2F&reason=0,116,39,0,3,1,0,1,1,0,2,0,0,5,5,0,1,0,0,0,0,0,0,0,1,0,0.08620689655172414,0.10256410256410256,0,0,0,0,0,3,0,0,0,2,0,16,1,1,12,1,22,22,10,5.5625,17.0,3.9285714285714284,0,0,0,0,0,0,0,0,100.0,0,100.0,0.0,0,0,0,0.0,0,0,0,1,0,1,-1,0,0,-1,-1,alive
http://abouthelpcopyrightservice.ml/,36,28,0,1,0,0,0,0,0,0,0,0,0,3,0,1,0,0,0,0,0,0,0,0,1,0.0,0.0,0,0,0,0,0,1,0,0,0,0,0,1,0,25,25,0,25,25,0,25.0,25.0,0,0,0,0,0,1,0,0,0,0,0,0,0,0,0,0,0,0,0,0,0,0,1,-1,0,1,-1,-1,alive
https://affil.unicreditonline.cz/prihlaseni/,44,24,0,2,0,0,0,0,0,0,0,0,0,4,0,1,0,0,0,0,0,0,0,0,0,0.0,0.0,0,0,0,0,0,2,0,0,0,0,0,3,1,5,5,10,15,15,10,10.0,10.0,10.0,0,0,0,0,0,0,0,0,100.0,0,0,0,0,0,0,100.0,0,0,0,0,0,1,-1,0,0,-1,-1,alive
https://www.gonkarnuedykkerservice.no/,38,29,0,2,0,0,0,0,0,0,0,0,0,3,0,1,0,0,0,0,1,0,0,0,0,0.0,0.0,0,0,0,0,0,2,0,0,0,0,0,2,4,3,3,0,22,22,0,12.5,12.5,0,0,0,0,0,0,0,0,1,85.0,0,91.66666666666666,8.333333333333332,0,0,0,0.0,0,0,0,1,0,1,-1,0,0,-1,-1,alive
http://outlook.cefip.de,23,16,0,2,0,0,0,0,0,0,0,0,0,2,0,1,0,0,0,0,0,0,0,0,1,0.0,0.0,0,0,0,0,0,2,0,0,0,3,0,2,1,5,5,0,7,7,0,6.0,6.0,0,0,0,0,0,0,0,0,0,100.0,0,100.0,0.0,0,0,0,0.0,0,0,0,1,0,1,-1,0,0,-1,-1,alive
https://www.dropboxbedrift.no/,30,21,0,2,0,0,0,0,0,0,0,0,0,3,0,1,0,0,0,0,1,0,0,0,0,0.0,0.0,0,0,0,0,0,2,0,0,0,0,0,2,3,3,3,0,14,14,0,8.5,8.5,0,1,0,0,0,0,0,0,0,100.0,0,50.0,50.0,0,0,0,87.5,0,0,0,1,0,1,-1,0,0,-1,-1,alive
https://pjtonline.com/owa/auth/logon.aspx?url=https%3A%2F%2Fpjtonline.com%2Fowa%2F&reason=0,91,13,0,3,0,0,1,1,0,2,0,0,5,5,0,1,0,0,0,0,0,1,0,1,0,0.06593406593406594,0.0,0,0,1,0,0,3,0,0,0,2,0,15,1,1,9,1,11,9,11,4.333333333333333,9.0,4.0,0,0,0,0,0,0,0,0,100.0,0,100.0,0.0,0,0,0,0.0,0,0,0,1,0,1,-1,0,0,-1,-1,alive
http://aafree.westeurope.cloudapp.azure.com/,44,36,0,4,0,0,0,0,0,0,0,0,0,3,0,1,0,0,0,0,0,0,0,0,1,0.0,0.0,0,0,0,0,0,3,0,0,0,0,0,4,3,5,5,0,10,10,0,7.25,7.25,0,0,0,0,0,0,0,0,0,0,0,100.0,0.0,0,0,0,55.55555555555556,0,0,0,1,0,1,-1,0,0,-1,-1,alive
http://www.rettungsdienst.drknuert.ihr-webspace.de/,51,43,0,4,1,0,0,0,0,0,0,0,0,3,0,1,0,0,0,0,1,0,0,0,1,0.0,0.0,0,0,0,0,0,3,1,0,0,0,0,5,4,3,3,0,14,14,0,7.2,7.2,0,0,0,0,0,0,0,1,1,90.47619047619048,0,100.0,0.0,0,0,0,0.6329113924050633,0,0,0,1,0,1,-1,0,0,-1,-1,alive
https://autodiscover.bsz-kirchheim.de/owa/auth/logon.aspx?url=https%3A%2F%2Fautodiscover.bsz-kirchheim.de%2Fowa%2F&reason=0,123,29,0,5,2,0,1,1,0,2,0,0,5,5,0,1,0,0,0,0,0,0,0,1,0,0.04878048780487805,0.0,0,0,1,0,0,3,1,0,0,0,0,19,3,1,3,1,14,12,14,4.947368421052632,8.0,4.375,0,0,0,0,0,0,0,0,0,0,0,0,0,0,0,0,0,0,0,1,0,1,-1,0,0,-1,-1,alive
https://outlook.heritagecs.edu/owa/auth/logon.aspx?url=https%3A%2F%2Foutlook.heritagecs.edu%2Fowa%2F&reason=0,109,22,0,5,0,0,1,1,0,2,0,0,5,5,0,1,0,0,0,0,0,0,0,1,0,0.05504587155963303,0.0,0,0,1,0,0,3,0,0,0,2,0,17,3,1,7,1,10,10,10,4.764705882352941,8.5,4.266666666666667,0,0,0,0,0,0,0,0,100.0,0,100.0,0.0,0,0,0,0.0,0,0,0,1,0,1,-1,0,0,-1,-1,alive
https://mail.myoffice.ovh/owa/auth/logon.aspx?url=https%3A%2F%2Fmail.myoffice.ovh%2Fowa&reason=0&s=611875A64885ED5A8BB271490FC9C96CDD19B625,139,17,1,5,0,0,1,2,0,3,0,0,4,5,0,1,0,0,0,0,0,0,0,1,0,0.2302158273381295,0.0,0,0,1,0,0,3,0,0,0,2,0,18,7,1,4,1,40,8,40,6.111111111111111,6.0,6.125,0,0,0,0,0,2,0,0,100.0,0,100.0,0.0,0,0,0,0.0,0,0,0,1,0,1,-1,0,0,-1,-1,alive
https://outlook.satasairaala.fi/owa/auth/logon.aspx?url=https%3A%2F%2Foutlook.satasairaala.fi%2Fowa%2F&reason=0,111,23,0,5,0,0,1,1,0,2,0,0,5,5,0,1,0,0,0,0,0,0,0,1,0,0.05405405405405406,0.0,0,0,1,0,0,3,0,0,0,2,0,17,5,1,7,1,12,12,12,4.9411764705882355,9.5,4.333333333333333,0,0,0,0,0,0,0,0,100.0,0,100.0,0.0,0,0,0,0.0,0,0,0,1,0,1,-1,0,0,-1,-1,alive
https://fhbs019.funkhaus-bamberg.de/owa/auth/logon.aspx?replaceCurrent=1&url=https%3a%2f%2ffhbs019.funkhaus-bamberg.de%2fowa%2f,127,27,0,5,2,0,1,1,0,2,0,0,5,5,0,1,0,0,0,0,0,0,0,1,0,0.09448818897637795,0.1111111111111111,0,0,1,0,0,3,1,0,0,2,0,19,3,1,7,1,14,8,14,5.157894736842105,7.333333333333333,4.75,0,0,0,0,0,0,0,0,100.0,0,100.0,0.0,0,0,0,0.0,0,0,0,1,0,1,-1,0,0,-1,-1,alive
https://login.live.com/login.srf?wa=wsignin1.0&rpsnv=13&ct=1599756995&rver=7.3.6960.0&wp=MBI_SSL&wreply=https%3A%2F%2Fmcp.microsoft.com%2Fmct%3Fvendor%3Dcoggins&id=297103,170,14,1,9,0,0,1,6,0,7,1,0,6,3,0,1,0,0,0,0,0,1,0,1,0,0.19411764705882353,0.0,0,0,1,0,0,3,0,1,0,0,0,31,5,1,4,1,10,5,10,4.129032258064516,4.5,4.103448275862069,4,0,0,1,0,0,0,1,0.0,0,0,0,0,0,0,0,0,0,0,1,0,1,-1,0,0,-1,-1,alive
https://autodiscover.lk65.de/owa/auth/logon.aspx?url=https%3A%2F%2Fautodiscover.lk65.de%2Fowa%2F&reason=0,105,20,0,5,0,0,1,1,0,2,0,0,5,5,0,1,0,0,0,0,0,0,0,1,0,0.09523809523809523,0.1,0,0,1,0,0,3,0,0,0,2,0,17,1,1,4,1,14,12,14,4.588235294117647,8.0,4.133333333333334,0,0,0,0,0,0,0,0,100.0,0,100.0,0.0,0,0,0,0.0,0,0,0,1,0,1,-1,0,0,-1,-1,alive
https://www.alertarolim.com.br/,31,22,0,3,0,0,0,0,0,0,0,0,0,3,0,1,0,0,0,0,1,0,0,0,0,0.0,0.0,0,0,0,0,0,3,0,0,0,0,0,2,3,3,3,0,11,11,0,7.0,7.0,0,0,0,0,0,0,0,0,1,25.0,0,0,0,0,0,0,0.0,0,0,0,1,1,1,-1,0,0,-1,-1,alive
http://server-11683.prod.hosts.ooklaserver.net/,47,39,0,4,1,0,0,0,0,0,0,0,0,3,0,1,0,0,0,0,0,0,0,0,1,0.10638297872340426,0.1282051282051282,0,0,0,0,0,3,1,0,0,0,0,5,2,4,4,0,11,11,0,6.2,6.2,0,0,0,0,0,0,2,0,0,0,0,100.0,0.0,0,0,0,0,0,0,0,1,1,1,-1,0,0,-1,-1,alive
http://addscenterinf-datapp-ref5701.cf/IDSPP097642.php,54,31,0,2,2,0,0,0,0,0,0,0,0,3,0,1,0,0,0,0,0,0,0,0,1,0.18518518518518517,0.12903225806451613,0,0,0,0,0,2,0,0,0,0,0,5,3,3,6,3,13,13,11,8.0,8.666666666666666,7.0,0,0,0,0,0,0,0,0,0,0,0,0,0,0,0,0,0,0,0,0,0,1,-1,0,1,-1,-1,alive
https://mail.schaedels-beilagen.de/owa/auth/logon.aspx?url=https%3A%2F%2Fmail.schaedels-beilagen.de%2Fowa%2F&reason=0,117,26,0,5,2,0,1,1,0,2,0,0,5,5,0,1,0,0,0,0,0,0,0,1,0,0.05128205128205128,0.0,0,0,1,0,0,3,1,0,0,2,0,19,1,1,4,1,9,9,9,4.631578947368421,7.0,4.1875,0,0,0,0,0,0,0,0,100.0,0,100.0,0.0,0,0,0,0.0,0,0,0,1,0,1,-1,0,0,-1,-1,alive
https://office365store.dkmblue.com/,35,26,0,2,0,0,0,0,0,0,0,0,0,3,0,1,0,0,0,0,0,0,0,0,0,0.08571428571428572,0.11538461538461539,0,0,0,0,0,2,0,0,0,0,0,2,1,7,7,0,14,14,0,10.5,10.5,0,0,0,0,0,0,0,0,0,100.0,0,0,0,0,0,0,28.57142857142857,0,0,0,1,1,1,-1,0,0,-1,-1,alive
https://autodiscover.tsv-oberhaching.de/owa/auth/logon.aspx?replaceCurrent=1&url=https%3a%2f%2fautodiscover.tsv-oberhaching.de%2fowa%2f,135,31,0,5,2,0,1,1,0,2,0,0,5,5,0,1,0,0,0,0,0,0,0,1,0,0.044444444444444446,0.0,0,0,1,0,0,3,1,0,0,2,0,19,2,1,3,1,14,12,14,5.578947368421052,8.666666666666666,5.0,0,0,0,0,0,0,0,0,100.0,0,100.0,0.0,0,0,0,0.0,0,0,0,1,0,1,-1,0,0,-1,-1,alive
https://businesscustomerservice.santanderbank.com/,50,41,0,2,0,0,0,0,0,0,0,0,0,3,0,1,0,0,0,0,0,0,0,0,0,0.0,0.0,0,0,0,0,0,2,0,0,0,0,0,2,1,13,13,0,23,23,0,18.0,18.0,0,0,0,0,0,0,0,0,0,80.0,0,100.0,0.0,0,0,0,100.0,0,0,0,1,1,1,-1,0,0,-1,-1,alive
https://mail.schneider-cncservice.de/owa/auth/logon.aspx?replaceCurrent=1&url=https%3a%2f%2f192.168.10.12%2fowa%2f,114,28,0,6,1,0,1,1,0,2,0,0,5,5,0,1,0,0,0,0,0,0,0,1,0,0.14035087719298245,0.0,0,0,0,0,0,3,1,0,0,2,0,19,2,1,4,1,14,10,14,4.473684210526316,7.666666666666667,3.875,0,0,0,0,0,0,0,0,100.0,0,100.0,0.0,0,0,0,0.0,0,0,0,1,0,1,-1,0,0,-1,-1,alive
https://autodiscover.hohenberg-gmbh.de/owa/auth/logon.aspx?url=https%3A%2F%2F192.168.115.136%2Fowa%2F&reason=0,110,30,0,6,1,0,1,1,0,2,0,0,5,5,0,1,0,0,0,0,0,0,0,1,0,0.16363636363636364,0.0,0,0,0,0,0,3,1,0,0,0,0,19,2,1,4,1,12,12,6,4.2631578947368425,8.333333333333334,3.5,0,0,0,0,0,0,0,0,0,0,0,0,0,0,0,0,0,0,0,1,0,1,-1,0,0,-1,-1,alive
http://autodiscover.maerchy-metall.ch,37,30,0,2,1,0,0,0,0,0,0,0,0,2,0,1,0,0,0,0,0,0,0,0,1,0.0,0.0,0,0,0,0,0,2,0,0,0,0,0,3,1,6,6,0,12,12,0,8.333333333333334,8.333333333333334,0,0,0,0,0,0,0,0,0,0,0,0,0,0,0,0,0,0,0,0,1,0,1,-1,0,0,-1,-1,alive
http://www.developpementdesmarchesdubois.ca,43,36,0,2,0,0,0,0,0,0,0,0,0,2,0,1,0,0,0,0,1,0,0,0,1,0.0,0.0,0,0,0,0,0,2,0,0,0,0,0,2,4,3,3,0,29,29,0,16.0,16.0,0,0,0,0,0,0,0,0,0,0,0,0,0,0,0,0,0,0,0,0,1,0,1,-1,0,0,-1,-1,alive
http://portaldeprovas.projetosnaweb.com.br,42,35,0,3,0,0,0,0,0,0,0,0,0,2,0,1,0,0,0,0,0,0,0,0,1,0.0,0.0,0,0,0,0,0,3,0,0,0,0,0,2,0,13,13,0,14,14,0,13.5,13.5,0,0,0,0,0,0,0,0,0,0,0,0,0,0,0,0,0,0,0,0,1,0,1,-1,0,0,-1,-1,alive
http://ig-blue-teak.cf,22,15,0,1,2,0,0,0,0,0,0,0,0,2,0,1,0,0,0,0,0,0,0,0,1,0.0,0.0,0,0,0,0,0,1,0,0,0,0,0,3,0,2,2,0,4,4,0,3.3333333333333335,3.3333333333333335,0,0,0,0,0,0,0,0,0,0,0,0,0,0,0,0,0,0,0,0,0,0,1,-1,0,1,-1,-1,alive
https://outlook.instakom.ch/owa/auth/logon.aspx?url=https%3A%2F%2Foutlook.instakom.ch%2Fowa%2F&reason=0,103,19,0,5,0,0,1,1,0,2,0,0,5,5,0,1,0,0,0,0,0,0,0,1,0,0.05825242718446602,0.0,0,0,1,0,0,3,0,0,0,2,0,17,3,1,7,1,9,8,9,4.470588235294118,7.5,4.066666666666666,0,0,0,0,0,0,0,0,100.0,0,100.0,0.0,0,0,0,0.0,0,0,0,1,0,1,-1,0,0,-1,-1,alive
https://outlook.beemedia.hk/owa/auth/logon.aspx?url=https%3A%2F%2Foutlook.beemedia.hk%2Fowa%2F&reason=0,103,19,0,5,0,0,1,1,0,2,0,0,5,5,0,1,0,0,0,0,0,0,0,1,0,0.05825242718446602,0.0,0,0,1,0,0,3,0,0,0,2,0,17,5,1,7,1,9,8,9,4.470588235294118,7.5,4.066666666666666,0,0,0,0,0,0,0,0,100.0,0,100.0,0.0,0,0,0,0.0,0,0,0,1,0,1,-1,0,0,-1,-1,alive
http://copyright-helps-center.ml/,33,25,0,1,2,0,0,0,0,0,0,0,0,3,0,1,0,0,0,0,0,0,0,0,1,0.0,0.0,0,0,0,0,0,1,0,0,0,0,0,3,0,5,5,0,9,9,0,6.666666666666667,6.666666666666667,0,0,0,0,0,1,0,0,0,0,0,0,0,0,0,0,0,0,0,0,1,0,1,-1,0,1,-1,-1,alive
https://dev.hsbc.zagett-projects.com/,37,28,0,3,1,0,0,0,0,0,0,0,0,3,0,1,0,0,0,0,0,0,0,0,0,0.0,0.0,0,0,0,0,0,3,1,0,0,0,0,4,1,3,3,0,8,8,0,5.25,5.25,0,0,0,0,0,0,0,0,0,0,0,0,0,0,0,0,0,0,0,0,1,0,1,-1,0,0,-1,-1,alive
https://auth.staging.cp.kpn-dsh.com/auth/realms/dev-lz-dsh/protocol/openid-connect/auth?client_id=dsh-admin-shared-services&redirect_uri=https%3A%2F%2Fadmin-console.dsh-dev.dsh.np.aws.kpn.com%2F_oauth&response_type=code&scope=openid+profile+email+manage-platform&state=86263e0de774b38611ac79d01f129d12%3Ahttps%3A%2F%2Fadmin-console.dsh-dev.dsh.np.aws.kpn.com%2F,361,27,1,16,12,0,1,4,0,5,4,0,9,8,0,1,0,0,0,0,0,2,0,2,0,0.0886426592797784,0.0,0,0,1,0,0,3,1,0,0,0,0,57,5,2,2,2,32,7,32,5.140350877192983,3.8,5.269230769230769,3,0,0,0,0,2,0,0,0,0,0,0,0,0,0,0,0,0,1,1,0,1,-1,0,0,-1,-1,alive
http://www.prodquizzcivils.yaniselmaleh.fr/,43,35,0,3,0,0,0,0,0,0,0,0,0,3,0,1,0,0,0,0,1,0,0,0,1,0.0,0.0,0,0,0,0,0,3,0,0,0,0,0,3,4,3,3,0,15,15,0,10.0,10.0,0,0,0,0,0,0,0,0,0,100.0,0,0,0,0,0,0,0,0,0,0,1,0,1,-1,0,0,-1,-1,alive
https://www.santanderconsumer.at/,33,24,0,2,0,0,0,0,0,0,0,0,0,3,0,1,0,0,0,0,1,0,0,0,0,0.0,0.0,0,0,0,0,0,2,0,0,0,0,0,2,3,3,3,0,17,17,0,10.0,10.0,0,0,0,0,0,0,0,0,0,100.0,0,93.33333333333333,6.666666666666667,0,0,0,50.0,0,0,0,1,0,1,-1,0,0,-1,-1,alive
https://autodiscover.ny-network.ch/owa/auth/logon.aspx?url=https%3A%2F%2Fautodiscover.ny-network.ch%2Fowa%2F&reason=0,117,26,0,5,2,0,1,1,0,2,0,0,5,5,0,1,0,0,0,0,0,0,0,1,0,0.05128205128205128,0.0,0,0,1,0,0,3,1,0,0,2,0,19,1,1,2,1,14,12,14,4.631578947368421,7.0,4.1875,0,0,0,0,0,0,0,0,100.0,0,100.0,0.0,0,0,0,0.0,0,0,0,1,0,1,-1,0,0,-1,-1,alive
https://ingenico.paytweak.com/,30,21,0,2,0,0,0,0,0,0,0,0,0,3,0,1,0,0,0,0,0,0,0,0,0,0.0,0.0,0,0,0,0,0,2,0,0,0,0,0,2,0,8,8,0,8,8,0,8.0,8.0,0,0,0,0,0,0,0,0,1,82.35294117647058,0,100.0,0.0,0,0,0,0,0,0,0,1,1,1,-1,0,0,-1,-1,alive
http://www.infographic.thestokegroup.com/,41,33,0,3,0,0,0,0,0,0,0,0,0,3,0,1,0,0,0,0,1,0,0,0,1,0.0,0.0,0,0,0,0,0,3,0,0,0,0,0,3,3,3,3,0,13,13,0,9.0,9.0,0,0,0,0,0,0,0,0,0,0,0,0,0,0,0,0,0,0,0,0,1,0,1,-1,0,0,-1,-1,alive
https://partnerportal.t-mobile.at/,34,25,0,2,1,0,0,0,0,0,0,0,0,3,0,1,0,0,0,0,0,0,0,0,0,0.0,0.0,0,0,0,0,0,2,1,0,0,0,0,3,0,1,1,0,13,13,0,6.666666666666667,6.666666666666667,0,0,0,0,0,0,0,0,0,100.0,0,100.0,0.0,0,0,0,0,0,0,0,0,0,1,-1,0,0,-1,-1,alive
https://login.live.com/,23,14,0,2,0,0,0,0,0,0,0,0,0,3,0,1,0,0,0,0,0,0,0,0,0,0.0,0.0,0,0,0,0,0,2,0,0,0,0,0,2,0,4,4,0,5,5,0,4.5,4.5,0,1,0,0,0,0,0,0,1,0.0,0,0,0,0,0,0,0,0,0,0,1,0,1,-1,0,0,-1,-1,alive
https://exchange.thetradingroom.club/owa/auth/logon.aspx?url=https%3A%2F%2Fexchange.thetradingroom.club%2Fowa%2F&reason=0,121,28,0,5,0,0,1,1,0,2,0,0,5,5,0,1,0,0,0,0,0,0,0,1,0,0.049586776859504134,0.0,0,0,1,0,0,3,0,0,0,2,0,17,3,1,8,1,14,14,14,5.411764705882353,11.0,4.666666666666667,0,0,0,0,1,0,0,0,100.0,0,100.0,0.0,0,0,0,0.0,0,0,0,1,0,1,-1,0,0,-1,-1,alive
https://us.exg7.exghost.com/owa/auth/logon.aspx?url=https%3A%2F%2Fus.exg7.exghost.com%2Fowa%2F&reason=0,103,19,0,7,0,0,1,1,0,2,0,0,5,5,0,1,0,0,0,0,0,1,0,1,0,0.07766990291262135,0.05263157894736842,0,0,1,0,0,3,0,1,0,2,0,19,1,1,2,1,7,7,7,3.8421052631578947,4.333333333333333,3.75,0,0,0,0,0,2,0,0,100.0,0,100.0,0.0,0,0,0,0.0,0,0,0,1,0,1,-1,0,0,-1,-1,alive
https://netto.unicreditbank.hu/,31,22,0,2,0,0,0,0,0,0,0,0,0,3,0,1,0,0,0,0,0,0,0,0,0,0.0,0.0,0,0,0,0,0,2,0,0,0,0,0,2,1,5,5,0,13,13,0,9.0,9.0,0,0,0,0,0,0,0,0,0,100.0,0,100.0,0.0,0,0,0,0.0,0,0,0,1,1,1,-1,0,0,-1,-1,alive
https://sway.office.com.office.ausunityprod.australianunity.myshn.net/,70,61,0,7,0,0,0,0,0,0,0,0,0,3,0,1,0,0,0,0,0,1,0,0,0,0.0,0.0,0,0,0,0,0,3,0,0,0,0,0,7,2,3,3,0,15,15,0,7.285714285714286,7.285714285714286,0,0,0,0,0,0,2,0,1,12.0,0,0,0,0,0,0,100.0,0,0,0,1,0,1,-1,0,0,-1,-1,alive
http://helpbusinnescopright.gq/,31,23,0,1,0,0,0,0,0,0,0,0,0,3,0,1,0,0,0,0,0,0,0,0,1,0.0,0.0,0,0,0,0,0,1,0,0,0,0,0,1,1,20,20,0,20,20,0,20.0,20.0,0,0,0,0,0,0,0,0,0,0,0,0,0,0,0,0,0,0,0,0,0,0,1,-1,0,1,-1,-1,alive
https://uctrader.unicreditbank.hu/hu,36,25,0,2,0,0,0,0,0,0,0,0,0,3,0,1,0,0,0,0,0,0,0,0,0,0.0,0.0,0,0,1,0,0,2,0,0,0,0,0,3,0,2,8,2,13,13,2,7.666666666666667,10.5,2.0,0,0,0,0,0,0,0,0,0,0,100.0,0.0,0,0,0,33.33333333333333,0,0,0,1,0,1,-1,0,0,-1,-1,alive
https://win2k19-mx.intern.lichtconcept.net/owa/auth/logon.aspx?url=https%3A%2F%2Fwin2k19-mx.intern.lichtconcept.net%2Fowa%2F&reason=0,133,34,0,7,2,0,1,1,0,2,0,0,5,5,0,1,0,0,0,0,0,0,0,1,0,0.09022556390977443,0.08823529411764706,0,0,1,0,0,3,1,0,0,0,0,21,1,1,2,1,12,12,12,4.809523809523809,6.75,4.352941176470588,0,0,0,0,0,0,0,0,0,0,0,0,0,0,0,0,0,0,1,1,0,1,-1,0,0,-1,-1,alive
https://owa.global-mmk.com/owa/auth/logon.aspx?replaceCurrent=1&url=https%3a%2f%2fowa.global-mmk.com%2fowa%2f,109,18,0,5,2,0,1,1,0,2,0,0,5,5,0,1,0,0,0,0,0,1,0,1,0,0.05504587155963303,0.0,0,0,1,0,0,3,1,0,0,2,0,19,4,1,3,1,14,6,14,4.157894736842105,4.0,4.1875,0,0,0,0,0,0,0,0,100.0,0,100.0,0.0,0,0,0,0.0,0,0,0,1,0,1,-1,0,0,-1,-1,alive
https://autodiscover.pdsinformatica.com.br/owa/auth/logon.aspx?url=https%3A%2F%2Fautodiscover.pdsinformatica.com.br%2Fowa%2F&reason=0,133,34,0,7,0,0,1,1,0,2,0,0,5,5,0,1,0,0,0,0,0,1,0,1,0,0.045112781954887216,0.0,0,0,1,0,0,3,0,0,0,2,0,18,1,1,12,1,14,14,14,5.611111111111111,13.0,4.6875,0,0,0,0,0,0,0,0,100.0,0,100.0,0.0,0,0,0,0.0,0,0,0,1,0,1,-1,0,0,-1,-1,alive
https://sway-cdn.com/,21,12,0,1,1,0,0,0,0,0,0,0,0,3,0,1,0,0,0,0,0,0,0,0,0,0.0,0.0,0,0,0,0,0,1,1,0,0,0,0,2,0,3,3,0,4,4,0,3.5,3.5,0,0,0,0,0,0,0,0,1,50.0,0,0,0,0,0,0,0.0,0,0,0,1,0,1,-1,0,0,-1,-1,alive
https://analyticalreports.dev.lims.eurofinsbpt.com/,51,42,0,4,0,0,0,0,0,0,0,0,0,3,0,1,0,0,0,0,0,0,0,0,0,0.0,0.0,0,0,0,0,0,3,0,1,0,0,0,4,0,3,3,0,17,17,0,8.75,8.75,0,0,0,0,0,0,2,0,0,0,0,0,0,0,0,0,0,0,0,1,1,0,1,-1,0,0,-1,-1,alive
http://www.make-it-in-germany.pt.projects2.iwmdev.de/,53,45,0,5,3,0,0,0,0,0,0,0,0,3,0,1,0,0,0,0,1,0,0,0,1,0.018867924528301886,0.022222222222222223,0,0,0,0,0,3,0,0,0,0,0,8,3,2,2,0,9,9,0,4.375,4.375,0,0,0,0,0,0,0,0,0,0,0,0,0,0,0,0,0,0,0,0,1,0,1,-1,0,0,-1,-1,alive
https://www.samsung.madeby.grapheme.ru/,39,30,0,4,0,0,0,0,0,0,0,0,0,3,0,1,0,0,0,0,1,0,0,0,0,0.0,0.0,0,0,0,0,0,3,0,0,0,0,0,4,3,3,3,0,8,8,0,6.0,6.0,0,0,0,1,0,0,0,0,0,100.0,0,100.0,0.0,0,0,0,55.55555555555556,0,0,0,1,1,1,-1,0,0,-1,-1,alive
https://orange-ciberseguridad.onlineassist.me/,46,37,0,2,1,0,0,0,0,0,0,0,0,3,0,1,0,0,0,0,0,0,0,0,0,0.0,0.0,0,0,0,0,0,2,1,0,0,0,0,3,1,6,6,0,14,14,0,10.666666666666666,10.666666666666666,0,0,0,0,0,0,0,0,0,0,0,0,0,0,0,0,0,0,0,0,1,0,1,-1,0,0,-1,-1,alive
https://autodiscover.dgclawfirm.com/owa/auth/logon.aspx?replaceCurrent=1&url=https%3a%2f%2fexchange-owa%2fowa%2f,112,27,0,3,1,0,1,1,0,2,0,0,5,5,0,1,0,0,0,0,0,0,0,1,0,0.05357142857142857,0.0,0,0,0,0,0,3,0,0,0,2,0,16,2,1,10,1,14,12,14,5.3125,11.0,4.5,0,0,0,0,0,0,0,0,100.0,0,100.0,0.0,0,0,0,0.0,0,0,0,1,0,1,-1,0,0,-1,-1,alive
https://ov-flensburg.thw.de/,28,19,0,2,1,0,0,0,0,0,0,0,0,3,0,1,0,0,0,0,0,0,0,0,0,0.0,0.0,0,0,0,0,0,2,1,0,0,0,0,3,0,2,2,0,9,9,0,4.666666666666667,4.666666666666667,0,0,0,0,0,0,0,0,0,100.0,0,100.0,0.0,0,0,0,50.0,0,0,0,0,1,1,-1,0,0,-1,-1,alive
https://visa-olympics.beyondwordsstudio.com/,44,35,0,2,1,0,0,0,0,0,0,0,0,3,0,1,0,0,0,0,0,0,0,0,0,0.0,0.0,0,0,0,0,0,2,1,0,0,0,0,3,1,4,4,0,17,17,0,9.666666666666666,9.666666666666666,0,0,0,0,0,0,0,0,0,100.0,0,100.0,0.0,0,0,0,100.0,0,0,0,1,0,1,-1,0,0,-1,-1,alive
https://autodiscover.frankmeierconsulting.ch/owa/auth/logon.aspx?url=https%3A%2F%2Fautodiscover.frankmeierconsulting.ch%2Fowa%2F&reason=0,137,36,0,5,0,0,1,1,0,2,0,0,5,5,0,1,0,0,0,0,0,0,0,1,0,0.043795620437956206,0.0,0,0,1,0,0,3,0,0,0,2,0,17,1,1,12,1,20,20,20,6.470588235294118,16.0,5.2,0,0,0,0,0,0,0,0,100.0,0,100.0,0.0,0,0,0,0.0,0,0,0,1,0,1,-1,0,0,-1,-1,alive
http://vitalexpress.smhsoft.info/,33,25,0,2,0,0,0,0,0,0,0,0,0,3,0,1,0,0,0,0,0,0,0,0,1,0.0,0.0,0,0,0,0,0,2,0,0,0,0,0,2,1,7,7,0,12,12,0,9.5,9.5,0,0,0,0,0,0,0,0,0,0,0,0,0,0,0,0,0,0,0,0,1,0,1,-1,0,0,-1,-1,alive
https://www.stealthaccount.co.uk/,33,24,0,3,0,0,0,0,0,0,0,0,0,3,0,1,0,0,0,0,1,0,0,0,0,0.0,0.0,0,0,0,0,0,3,0,1,0,0,0,2,4,3,3,0,14,14,0,8.5,8.5,0,0,0,0,0,0,0,0,1,50.0,0,0,0,0,0,0,0,0,0,1,1,0,1,-1,0,0,-1,-1,alive
http://kartybeztajemnic.info/,29,21,0,1,0,0,0,0,0,0,0,0,0,3,0,1,0,0,0,0,0,0,0,0,1,0.0,0.0,0,0,0,0,0,1,0,0,0,1,0,1,0,16,16,0,16,16,0,16.0,16.0,0,0,0,0,0,0,1,0,1,50.0,0,0,0,0,0,0,0,0,0,1,1,0,1,-1,0,0,-1,-1,alive
http://onliveupdate.com/,24,16,0,1,0,0,0,0,0,0,0,0,0,3,0,1,0,0,0,0,0,0,0,0,1,0.0,0.0,0,0,0,0,0,1,0,0,0,0,0,1,0,12,12,0,12,12,0,12.0,12.0,0,0,0,0,0,0,0,0,0,100.0,0,100.0,0.0,0,0,0,0,0,0,0,1,0,1,-1,0,0,-1,-1,alive
http://loveaudioita.livelee.it/login,36,23,0,2,0,0,0,0,0,0,0,0,0,3,0,1,0,0,0,0,0,0,0,0,1,0.0,0.0,0,0,0,1,0,2,0,0,0,1,0,3,1,5,7,5,12,12,5,8.0,9.5,5.0,1,0,0,0,0,0,0,0,0,0,0,0,0,0,0,0,0,0,1,1,0,1,-1,0,0,-1,-1,alive
http://sparkassen-shoppingportal.de,35,28,0,1,1,0,0,0,0,0,0,0,0,2,0,1,0,0,0,0,0,0,0,0,1,0.0,0.0,0,0,0,0,0,1,0,0,0,1,0,2,2,10,10,0,14,14,0,12.0,12.0,0,0,0,0,0,0,0,0,1,86.95652173913044,0,46.15384615384615,53.84615384615385,0,0,0,80.0,0,0,0,1,0,1,-1,0,0,-1,-1,alive
https://a820fae.online-server.cloud/,36,27,1,2,1,0,0,0,0,0,0,0,0,3,0,1,0,0,0,0,0,0,0,0,0,0.08333333333333333,0.1111111111111111,0,0,0,0,0,2,1,0,0,0,0,3,0,6,6,0,7,7,0,6.333333333333333,6.333333333333333,0,0,0,0,0,0,2,0,0,100.0,0,0,0,0,0,0,0,0,0,0,1,0,1,-1,0,0,-1,-1,alive
http://www.spectrumloyaltyprogram.decoychat.com/,48,40,0,3,0,0,0,0,0,0,0,0,0,3,0,1,0,0,0,0,1,0,0,0,1,0.0,0.0,0,0,0,0,0,3,0,1,0,0,0,3,3,3,3,0,22,22,0,11.333333333333334,11.333333333333334,0,0,0,0,0,0,0,0,0,0,0,0,0,0,0,0,0,0,0,0,1,0,1,-1,0,0,-1,-1,alive
https://sslvpn.zav-online.de/owa/auth/logon.aspx?url=https%3A%2F%2Fsslvpn.zav-online.de%2Fowa%2F&reason=0,105,20,0,5,2,0,1,1,0,2,0,0,5,5,0,1,0,0,0,0,0,0,0,1,0,0.05714285714285714,0.0,0,0,1,0,0,3,1,0,0,2,0,19,3,1,3,1,8,6,8,4.0,5.0,3.8125,0,0,0,0,0,0,0,0,100.0,0,100.0,0.0,0,0,0,0.0,0,0,0,1,0,1,-1,0,0,-1,-1,alive
https://clq.netflixstudios.com/hc/en-us/restricted?return_to=https%3A%2F%2Fclq.netflixstudios.com%2Fhc%2Fen-us,110,22,0,4,2,0,1,0,0,1,1,0,5,5,0,1,0,0,0,0,0,1,0,1,0,0.045454545454545456,0.0,0,0,1,0,0,3,1,0,0,2,0,17,1,2,3,2,14,14,14,4.823529411764706,8.5,4.333333333333333,0,0,0,0,0,0,0,0,0,0,0,0,0,0,0,0,0,0,0,1,0,1,-1,0,0,-1,-1,alive
https://amazon.rgateway.it/,27,18,0,2,0,0,0,0,0,0,0,0,0,3,0,1,0,0,0,0,0,0,0,0,0,0.0,0.0,0,0,0,0,0,2,0,0,0,0,0,2,0,6,6,0,8,8,0,7.0,7.0,0,0,0,0,0,0,0,0,0,75.0,0,100.0,0.0,0,0,0,0,0,0,0,1,0,1,-1,0,0,-1,-1,alive
https://webmail.bb10qnx.de/owa/auth/logon.aspx?url=https%3A%2F%2Fwebmail.bb10qnx.de%2Fowa%2F&reason=0,101,18,0,5,0,0,1,1,0,2,0,0,5,5,0,1,0,0,0,0,0,0,0,1,0,0.09900990099009901,0.1111111111111111,0,0,1,0,0,3,0,0,0,1,0,17,3,1,7,1,9,7,9,4.352941176470588,7.0,4.0,0,0,0,0,0,0,0,1,9.090909090909092,0,0.0,100.0,0,0,0,85.71428571428571,0,0,0,1,0,1,-1,0,0,-1,-1,alive
https://www.managed-connectivity.de/login,41,27,0,2,1,0,0,0,0,0,0,0,0,3,0,1,0,0,0,0,1,0,0,0,0,0.0,0.0,0,0,0,0,0,2,1,0,0,3,0,4,4,3,3,5,12,12,5,6.75,7.333333333333333,5.0,1,0,0,0,0,0,0,0,100.0,0,100.0,0.0,0,0,0,100.0,0,0,0,1,1,1,-1,0,0,-1,-1,alive
http://info-lnstagram.cf/,25,17,0,1,1,0,0,0,0,0,0,0,0,3,0,1,0,0,0,0,0,0,0,0,1,0.0,0.0,0,0,0,0,0,1,1,0,0,0,0,2,0,4,4,0,9,9,0,6.5,6.5,0,0,0,0,0,0,0,0,0,0,0,0,0,0,0,0,0,0,0,0,1,0,1,-1,0,1,-1,-1,alive
http://manual-push-prod-us.direct.id/,37,29,0,2,3,0,0,0,0,0,0,0,0,3,0,1,0,0,0,0,0,0,0,0,1,0.0,0.0,0,0,0,0,0,2,0,0,0,1,0,5,0,2,2,0,6,6,0,4.4,4.4,0,0,0,0,0,0,0,0,0,100.0,0,0,0,0,0,0,0,0,0,0,1,1,1,-1,0,0,-1,-1,alive
http://belezuraok.ml/app/?lang=en&key=Pib1M7y5JmQM7tei47BfQH3QvVk1SOCtbRE6tQyldSb5gJuDMhAzkO9L4kcUjfhvvt2JTNlSShxu7IuWuK68rw7hwrzk2wjtkV5hJgo2ydgP9fwmnhFiQb7RhQp8vevaxfCszKjrbjd6Y4YVDwKGMvRM2x5sugzsR0nZShzb8WtNCX0ZRFVRISapFmjeyv1rINwIPLyW#no-back-button,253,13,0,1,2,0,1,1,0,2,0,0,0,4,0,1,0,0,0,0,0,0,0,0,1,0.1225296442687747,0.0,0,0,0,0,0,1,0,0,0,0,0,8,5,2,10,2,203,10,203,29.375,10.0,32.142857142857146,0,0,0,0,1,0,0,0,0,0,0,0,0,0,0,0,0,0,0,1,0,1,-1,0,1,-1,-1,alive
https://autodiscover.stb-rohmann.at/owa/auth/logon.aspx?url=https%3A%2F%2Fautodiscover.stb-rohmann.at%2Fowa%2F&reason=0,119,27,0,5,2,0,1,1,0,2,0,0,5,5,0,1,0,0,0,0,0,0,0,1,0,0.05042016806722689,0.0,0,0,1,0,0,3,1,0,0,2,0,19,3,1,3,1,14,12,14,4.7368421052631575,7.333333333333333,4.25,0,0,0,0,0,2,0,0,100.0,0,100.0,0.0,0,0,0,0.0,0,0,0,1,0,1,-1,0,0,-1,-1,alive
http://lnstagramearthlivesupport.cf/,36,28,0,1,0,0,0,0,0,0,0,0,0,3,0,1,0,0,0,0,0,0,0,0,1,0.0,0.0,0,0,0,0,0,1,0,0,0,0,0,1,1,25,25,0,25,25,0,25.0,25.0,0,0,0,0,0,0,0,0,0,0,0,0,0,0,0,0,0,0,0,0,0,0,1,-1,0,1,-1,-1,alive
http://lghelpcenter.ml/,23,15,0,1,0,0,0,0,0,0,0,0,0,3,0,1,0,0,0,0,0,0,0,0,1,0.0,0.0,0,0,0,0,0,1,0,0,0,0,0,1,0,12,12,0,12,12,0,12.0,12.0,0,0,0,0,0,1,0,0,0,0,0,0,0,0,0,0,0,0,0,0,0,0,1,-1,0,1,-1,-1,alive
https://godaddy.okta.com/login/login.htm?fromURI=%2Fapp%2Fluminate%2Fexkm8chznzjkfXUup0x7%2Fsso%2Fsaml%3FSAMLRequest%3DfZFBb8IgFMfP%252BxaGO0JLbYHYJi4eZrJlZuuWpZeFAmqnha7QxPnp11aXuIvcCL%252F33v%252F9mDtRHxq%252B6PzOvOjvTjs%252FOdYH4%252Fj4kIKuNdwKVzluRK0d95K%252FLp4eeTjFvGmtt9IewKQ%252Fd8u%252BtjLCV9akYOd94zhCW6uEUj9Tu%252FdiKm2NRNOgQ1cPoEb6uK%252Bp3J3M6Wu%252F%252BXjrGnxMkHMWDcPHrqtlCj6xLBmJScAoJTM5UyQoVUl1QGSpZSyjM%252Blcp1fGeWF8CkIcYogZDEgeYk4wx7QYsfUl831lVGW2txcsz5DjD3m%252Bhuvn1xxM3nXrxhV7AGTzISkfZ7dX4m63Fc7pdvAEsgETvXzM%252F6RwKllCMElUpFgURooSJTcMRwlRSayUghenRVEQymaaMg0jKUoYxVRARgMFcdlrCVgSx2UwR1cRs%252FPt%252F4dnvw%253D%253D%26RelayState%3D7tjr3aUMcDXzMzL18vl_I3tRYi9k-gaD,687,16,0,3,1,0,1,0,0,1,1,0,29,4,0,1,0,0,0,0,0,0,0,0,0,0.1950509461426492,0.0,0,0,0,0,0,3,0,0,0,1,0,37,15,3,4,3,80,7,80,17.243243243243242,5.5,17.914285714285715,5,0,0,0,0,0,0,1,20.0,0,0,0,0,0,0,0,0,0,0,1,0,1,-1,0,0,-1,-1,alive
https://www.imoti-fibank.bg/,28,19,0,2,1,0,0,0,0,0,0,0,0,3,0,1,0,0,0,0,1,0,0,0,0,0.0,0.0,0,0,0,0,0,2,1,0,0,0,0,3,3,3,3,0,6,6,0,4.666666666666667,4.666666666666667,0,0,0,0,0,0,0,0,1,56.09756097560976,0,16.666666666666664,83.33333333333334,0,0,0,97.36842105263158,0,0,0,1,1,1,-1,0,0,-1,-1,alive
https://preproduction-bvwfocq-and52xqoscr6q.fr-1.platformsh.site/,65,56,0,3,3,0,0,0,0,0,0,0,0,3,0,1,0,0,0,0,0,0,0,0,0,0.06153846153846154,0.07142857142857142,0,0,0,0,0,3,0,0,0,0,0,6,0,1,1,0,13,13,0,7.666666666666667,7.666666666666667,0,1,0,0,0,0,2,0,0,0,0,0,0,0,0,0,0,0,0,1,1,0,1,-1,0,0,-1,-1,alive
https://www.usbankgomobile.com/wallet/#/home,44,22,0,2,0,0,0,0,0,0,0,0,0,5,0,1,0,0,0,0,1,0,0,0,0,0.0,0.0,0,0,0,0,0,2,0,0,0,2,0,5,4,1,3,1,14,14,6,5.6,8.5,3.6666666666666665,0,0,0,0,0,0,0,1,84.61538461538461,0,100.0,0.0,0,0,0,23.809523809523807,0,0,0,1,1,1,-1,0,0,-1,-1,alive
https://buildingonlineriches.com/,33,24,0,1,0,0,0,0,0,0,0,0,0,3,0,1,0,0,0,0,0,0,0,0,0,0.0,0.0,0,0,0,0,0,1,0,0,0,0,0,1,0,20,20,0,20,20,0,20.0,20.0,0,0,0,0,0,0,0,0,0,100.0,0,0,0,0,0,0,0,0,0,0,1,0,1,-1,0,0,-1,-1,alive
https://autodiscover.feuerwehr-koenigsbrunn.org/owa/auth/logon.aspx?url=https%3A%2F%2Fffw-mailserver%2Fowa&reason=0,115,39,0,3,2,0,1,1,0,2,0,0,4,5,0,1,0,0,0,0,0,0,0,1,0,0.043478260869565216,0.0,0,0,0,0,0,3,1,0,0,0,0,16,5,1,9,1,12,12,10,5.5,11.0,4.230769230769231,0,0,0,0,0,0,0,0,0,0,100.0,0.0,0,0,0,0,0,0,0,1,0,1,-1,0,0,-1,-1,alive
http://laclippers.surveys.test.sportsrm.com,43,36,0,4,0,0,0,0,0,0,0,0,0,2,0,1,0,0,0,0,0,0,0,0,1,0.0,0.0,0,0,0,0,0,3,0,0,0,1,0,4,1,4,4,0,10,10,0,7.25,7.25,0,0,0,0,0,0,0,0,0,100.0,0,100.0,0.0,0,0,0,0,0,0,0,1,1,1,-1,0,0,-1,-1,alive
https://outlook.fasthost.hk/owa/auth/logon.aspx?url=https%3A%2F%2Foutlook.fasthost.hk%2Fowa%2F&reason=0,103,19,0,5,0,0,1,1,0,2,0,0,5,5,0,1,0,0,0,0,0,0,0,1,0,0.05825242718446602,0.0,0,0,1,0,0,3,0,0,0,2,0,17,3,1,7,1,9,8,9,4.470588235294118,7.5,4.066666666666666,0,0,0,0,0,0,0,0,100.0,0,100.0,0.0,0,0,0,0.0,0,0,0,1,0,1,-1,0,0,-1,-1,alive
https://serviceplusrewards.com/#!/home,38,22,0,1,0,0,0,0,0,0,0,0,0,4,0,1,0,0,0,0,0,0,0,0,0,0.0,0.0,0,0,0,0,0,1,0,0,0,0,0,3,0,2,18,2,18,18,4,8.0,18.0,3.0,0,0,0,0,0,0,0,0,100.0,0,100.0,0.0,0,0,0,100.0,0,0,0,1,1,1,-1,0,0,-1,-1,alive
http://www.vision-ai-contact.azdev.easci.com/,45,37,0,4,2,0,0,0,0,0,0,0,0,3,0,1,0,0,0,0,1,0,0,0,1,0.0,0.0,0,0,0,0,0,3,0,0,0,0,0,6,3,2,2,0,7,7,0,4.666666666666667,4.666666666666667,0,0,0,0,0,0,0,0,0,0,0,0,0,0,0,0,0,0,0,1,1,0,1,-1,0,0,-1,-1,alive
http://berbagi-handphone.eventclaim-wow.cf/,43,35,0,2,2,0,0,0,0,0,0,0,0,3,0,1,0,0,0,0,0,0,0,0,1,0.0,0.0,0,0,0,0,0,2,0,0,0,0,0,4,0,3,3,0,10,10,0,7.25,7.25,0,0,0,0,0,0,0,0,0,0,0,0,0,0,0,0,0,0,0,0,1,0,1,-1,0,1,-1,-1,alive
https://mail.cahmi.org/owa/auth/logon.aspx?url=https%3A%2F%2Fmail.cahmi.org%2Fowa%2F&reason=0,93,14,0,5,0,0,1,1,0,2,0,0,5,5,0,1,0,0,0,0,0,0,0,1,0,0.06451612903225806,0.0,0,0,1,0,0,3,0,0,0,2,0,17,1,1,4,1,6,5,6,3.823529411764706,4.5,3.7333333333333334,0,0,0,0,0,0,0,0,100.0,0,100.0,0.0,0,0,0,0.0,0,0,0,1,0,1,-1,0,0,-1,-1,alive
https://ins.zzygx.ml/,21,12,0,2,0,0,0,0,0,0,0,0,0,3,0,1,0,0,0,0,0,0,0,0,0,0.0,0.0,0,0,0,0,0,2,0,0,0,0,0,2,1,3,3,0,5,5,0,4.0,4.0,0,0,0,0,0,1,0,0,0,100.0,0,100.0,0.0,0,0,0,0,0,0,0,1,0,1,-1,0,0,-1,-1,alive
https://mail.hwportal.de/owa/auth/logon.aspx?url=https%3A%2F%2Fmail.hwportal.de%2Fowa%2F&reason=0&s=3B023439BB70EAED1C4FA8798D5AFDD1FE41EDBA,140,16,1,5,0,0,1,2,0,3,0,0,5,5,0,1,0,0,0,0,0,0,0,1,0,0.17857142857142858,0.0,0,0,1,0,0,3,0,0,0,2,0,19,3,1,4,1,40,8,40,5.842105263157895,6.0,5.823529411764706,2,0,0,0,0,0,0,0,100.0,0,100.0,0.0,0,0,0,0.0,0,0,0,1,0,1,-1,0,0,-1,-1,alive
https://order-sp.qwestoffice.net/SiteControl/R03150815/plugins/order/init.tile?webhosting,89,24,1,3,1,0,1,0,0,0,0,0,0,7,0,1,0,0,0,0,0,0,0,0,0,0.0898876404494382,0.0,0,0,0,0,0,3,1,0,0,1,0,10,1,2,2,4,11,11,11,6.8,6.0,7.142857142857143,2,0,0,0,0,0,0,0,100.0,0,0,0,0,0,0,0.0,0,0,0,1,1,1,-1,0,0,-1,-1,alive
http://apple-rent.ru,20,13,0,1,1,0,0,0,0,0,0,0,0,2,0,1,0,0,0,0,0,0,0,0,1,0.0,0.0,0,0,0,0,0,1,0,0,0,1,0,2,1,4,4,0,5,5,0,4.5,4.5,0,0,0,0,0,0,0,0,0,0,0,0,0,0,0,0,0,0,0,1,1,0,1,-1,0,0,-1,-1,alive
https://mail.bbl-pulverbeschichtung.de/owa/auth/logon.aspx?url=https%3A%2F%2F192.168.133.4%2Fowa%2F&reason=0,108,30,0,6,1,0,1,1,0,2,0,0,5,5,0,1,0,0,0,0,0,0,0,1,0,0.14814814814814814,0.0,0,0,0,0,0,3,1,0,0,2,0,19,3,1,3,1,18,18,6,4.157894736842105,8.333333333333334,3.375,0,0,0,0,0,0,0,0,100.0,0,100.0,0.0,0,0,0,0.0,0,0,0,1,0,1,-1,0,0,-1,-1,alive
https://outlook.kefb-dortmund.de/owa/auth/logon.aspx?url=https%3A%2F%2Foutlook.kefb-dortmund.de%2Fowa%2F&reason=0,113,24,0,5,2,0,1,1,0,2,0,0,5,5,0,1,0,0,0,0,0,0,0,1,0,0.05309734513274336,0.0,0,0,1,0,0,3,1,0,0,2,0,19,3,1,4,1,9,8,9,4.421052631578948,6.333333333333333,4.0625,0,0,0,0,0,0,0,0,100.0,0,100.0,0.0,0,0,0,0.0,0,0,0,1,0,1,-1,0,0,-1,-1,alive
https://online.bonus.at/owa/auth/logon.aspx?url=https%3A%2F%2Fonline.bonus.at%2Fowa%2F&reason=0,95,15,0,5,0,0,1,1,0,2,0,0,5,5,0,1,0,0,0,0,0,0,0,1,0,0.06315789473684211,0.0,0,0,1,0,0,3,0,0,0,0,0,17,1,1,5,1,8,6,8,4.0,5.5,3.8,0,0,0,0,0,0,0,0,100.0,0,0,0,0,0,0,0,0,0,0,0,0,1,-1,0,0,-1,-1,alive
https://vodafone-nuernberg.online/,34,25,0,1,1,0,0,0,0,0,0,0,0,3,0,1,0,0,0,0,0,0,0,0,0,0.0,0.0,0,0,0,0,0,1,1,0,0,0,0,2,0,8,8,0,9,9,0,8.5,8.5,0,0,0,0,0,1,0,0,1,95.65217391304348,0,100.0,0.0,0,0,0,100.0,0,0,0,1,1,1,-1,0,0,-1,-1,alive
https://bbaudev.officego.de/,28,19,0,2,0,0,0,0,0,0,0,0,0,3,0,1,0,0,0,0,0,0,0,0,0,0.0,0.0,0,0,0,1,0,2,0,0,0,0,0,2,2,7,7,0,8,8,0,7.5,7.5,0,0,0,0,0,0,0,0,0,0,0,0,0,0,0,0,0,0,0,0,1,0,1,-1,0,0,-1,-1,alive
https://cluster4.adfs.ovh.net/adfs/ls/?wa=wsignin1.0&wtrealm=https%3A%2F%2Fex4.mail.ovh.net%2Fowa%2F&wctx=rm%3D0%26id%3Dpassive%26ru%3D%252fowa%252f&wct=2020-09-29T21%3A24%3A11Z,177,21,0,7,2,0,1,3,0,4,0,0,14,5,0,1,0,0,0,0,0,0,0,1,0,0.22033898305084745,0.047619047619047616,0,0,1,0,0,3,0,0,0,0,0,33,3,1,3,1,9,8,9,4.0,5.0,3.9,1,0,0,0,0,0,0,0,0,0,0,0,0,0,0,0,0,0,0,1,0,1,-1,0,0,-1,-1,alive
https://mail.enimail.com/owa/auth/logon.aspx?replaceCurrent=1&url=https%3a%2f%2fmail.enimail.com%2fowa%2f,105,16,0,5,0,0,1,1,0,2,0,0,5,5,0,1,0,0,0,0,0,1,0,1,0,0.05714285714285714,0.0,0,0,1,0,0,3,0,0,0,2,0,17,2,1,4,1,14,7,14,4.529411764705882,5.5,4.4,0,0,0,0,0,0,0,0,100.0,0,100.0,0.0,0,0,0,0.0,0,0,0,1,0,1,-1,0,0,-1,-1,alive
http://cinema-cloud.natwest.qa.helix.affiniongroup.com/,55,47,0,5,1,0,0,0,0,0,0,0,0,3,0,1,0,0,0,0,0,0,0,0,1,0.0,0.0,0,0,0,0,0,3,1,0,0,0,0,6,1,2,2,0,13,13,0,6.333333333333333,6.333333333333333,0,0,0,0,0,0,0,0,0,0,0,0,0,0,0,0,20.0,0,0,0,1,0,1,-1,0,0,-1,-1,alive
https://exchange.perspektivo-franke.ch/owa/auth/logon.aspx?url=https%3A%2F%2Fexchange.perspektivo-franke.ch%2Fowa%2F&reason=0,125,30,0,5,2,0,1,1,0,2,0,0,5,5,0,1,0,0,0,0,0,0,0,1,0,0.048,0.0,0,0,1,1,0,3,1,0,0,2,0,19,1,1,6,1,11,11,11,5.052631578947368,8.333333333333334,4.4375,0,0,0,0,0,0,0,0,100.0,0,100.0,0.0,0,0,0,0.0,0,0,0,1,0,1,-1,0,0,-1,-1,alive
https://2019server.pjtonline.com/owa/auth/logon.aspx?url=https%3A%2F%2F2019server.pjtonline.com%2Fowa%2F&reason=0,113,24,0,5,0,0,1,1,0,2,0,0,5,5,0,1,0,0,0,0,0,1,0,1,0,0.12389380530973451,0.16666666666666666,0,0,1,0,1,3,0,0,0,2,0,17,1,1,9,1,12,10,12,5.0,9.5,4.4,0,0,0,0,0,0,0,0,100.0,0,100.0,0.0,0,0,0,0.0,0,0,0,1,0,1,-1,0,0,-1,-1,alive
https://portal.unicreditleasing.hr/prijava,42,26,0,2,0,0,0,0,0,0,0,0,0,3,0,1,0,0,0,0,0,0,0,0,0,0.0,0.0,0,0,0,0,0,2,0,0,0,1,0,3,0,6,6,7,16,16,7,9.666666666666666,11.0,7.0,0,0,0,0,0,0,0,0,100.0,0,100.0,0.0,0,0,0,50.0,0,0,0,1,0,1,-1,0,0,-1,-1,alive
https://autodiscover.fanolaturkiye.com/owa/auth/logon.aspx?url=https%3A%2F%2Fautodiscover.fanolaturkiye.com%2Fowa%2F&reason=0,125,30,0,5,0,0,1,1,0,2,0,0,5,5,0,1,0,0,0,0,0,1,0,1,0,0.048,0.0,0,0,1,0,0,3,0,0,0,2,0,17,1,1,12,1,14,13,14,5.705882352941177,12.5,4.8,0,0,0,0,0,0,0,0,100.0,0,100.0,0.0,0,0,0,0.0,0,0,0,1,0,1,-1,0,0,-1,-1,alive
https://desjardinscentrenord.com/,33,24,0,1,0,0,0,0,0,0,0,0,0,3,0,1,0,0,0,0,0,0,0,0,0,0.0,0.0,0,0,0,0,0,1,0,0,0,0,0,1,0,20,20,0,20,20,0,20.0,20.0,0,0,0,0,0,0,0,0,0,0,0,0,0,0,0,0,0,0,0,0,1,0,1,-1,0,0,-1,-1,alive
https://www1.royalbank.com/cgi-bin/rbaccess/rbcgi3m01?F6=1&F7=IB&F21=IB&F22=IB&REQUEST=ClientSignin&LANGUAGE=ENGLISH,116,18,0,2,1,0,1,5,0,6,0,0,0,5,0,1,0,0,0,0,1,0,0,0,0,0.09482758620689655,0.05555555555555555,0,0,0,0,1,2,1,0,0,0,0,18,6,1,4,1,12,9,12,4.833333333333333,6.5,4.625,1,0,0,0,0,0,0,0,0,0,0,0,0,0,0,0,0,0,1,1,0,1,-1,0,0,-1,-1,alive
http://oldfortyfives.com/defaultsite,36,17,0,1,0,0,0,0,0,0,0,0,0,3,0,1,0,0,0,0,0,0,0,0,1,0.0,0.0,0,0,0,0,0,1,0,0,0,0,0,2,0,11,13,11,13,13,11,12.0,13.0,11.0,1,0,0,0,0,0,0,0,0,0,0,0,0,0,0,0,0,0,0,1,0,1,-1,0,0,-1,-1,alive
https://insuranceserviceontario.com/,36,27,0,1,0,0,0,0,0,0,0,0,0,3,0,1,0,0,0,0,0,0,0,0,0,0.0,0.0,0,0,0,0,0,1,0,0,0,0,0,1,0,23,23,0,23,23,0,23.0,23.0,0,0,0,0,0,0,0,0,1,0.0,0,0.0,100.0,0,0,0,6.896551724137931,0,0,0,1,1,1,-1,0,0,-1,-1,alive
https://www.adobe-k12-summer-2020-survey.gopleteo.com/,54,45,0,3,4,0,0,0,0,0,0,0,0,3,0,1,0,0,0,0,1,0,0,0,0,0.1111111111111111,0.13333333333333333,0,0,0,0,0,3,0,0,0,0,0,7,4,3,3,0,8,8,0,5.0,5.0,0,0,0,0,0,0,0,0,1,6.666666666666667,0,0.0,100.0,0,0,0,0,0,0,0,1,0,1,-1,0,0,-1,-1,alive
https://outlook.wrk.at/owa/auth/logon.aspx?replaceCurrent=1&url=https%3a%2f%2foutlook.wrk.at%2fowa%2f,101,14,0,5,0,0,1,1,0,2,0,0,5,5,0,1,0,0,0,0,0,0,0,1,0,0.0594059405940594,0.0,0,0,1,0,0,3,0,0,0,1,0,17,4,1,3,1,14,7,14,4.352941176470588,5.0,4.266666666666667,0,0,0,0,0,0,0,0,0,0,0,0,0,0,0,0,0,0,0,1,0,1,-1,0,0,-1,-1,alive
https://autodiscover.wainwright-filters.com/owa/auth/logon.aspx?replaceCurrent=1&url=https%3a%2f%2fautodiscover.wainwright-filters.com%2fowa%2f,143,35,0,5,2,0,1,1,0,2,0,0,5,5,0,1,0,0,0,0,0,1,0,1,0,0.04195804195804196,0.0,0,0,1,0,0,3,1,0,0,2,0,19,2,1,7,1,14,12,14,5.947368421052632,9.666666666666666,5.25,0,0,0,0,0,0,0,0,100.0,0,100.0,0.0,0,0,0,0.0,0,0,0,1,0,1,-1,0,0,-1,-1,alive
https://iphonegift.online/,26,17,0,1,0,0,0,0,0,0,0,0,0,3,0,1,0,0,0,0,0,0,0,0,0,0.0,0.0,0,0,0,0,0,1,0,0,0,1,0,1,0,10,10,0,10,10,0,10.0,10.0,0,0,0,0,0,1,0,0,1,50.0,0,0,0,0,0,0,0,0,0,1,1,0,1,-1,0,0,-1,-1,alive
https://www.unicreditfactoring.cz/,34,25,0,2,0,0,0,0,0,0,0,0,0,3,0,1,0,0,0,0,1,0,0,0,0,0.0,0.0,0,0,0,0,0,2,0,0,0,0,0,2,3,3,3,0,18,18,0,10.5,10.5,0,0,0,0,0,0,0,0,0,91.42857142857143,0,100.0,0.0,0,0,0,71.42857142857143,0,0,0,1,1,1,-1,0,0,-1,-1,alive
https://www.labdev.vodafonelabs.laminadigital.es/,49,40,0,4,0,0,0,0,0,0,0,0,0,3,0,1,0,0,0,0,1,0,0,0,0,0.0,0.0,0,0,0,0,0,3,0,0,0,0,0,4,3,3,3,0,13,13,0,8.5,8.5,0,0,0,0,0,0,0,0,0,100.0,0,71.42857142857143,28.57142857142857,0,0,0,22.22222222222222,0,0,0,1,1,1,-1,0,0,-1,-1,alive
https://secure.bwireless.ca/bwireless.taf?corporate=1&_UserReference=7F00000146B425E6580376C698345F706E0F,105,19,1,3,0,0,1,1,0,2,1,0,0,3,0,1,0,0,0,0,0,0,0,0,0,0.2857142857142857,0.0,0,0,0,0,0,3,0,0,0,0,0,8,13,1,6,1,36,9,36,10.75,7.5,11.833333333333334,0,0,0,0,0,0,0,0,100.0,0,100.0,0.0,0,0,0,0,0,0,0,0,0,1,-1,0,0,-1,-1,alive
https://1769538.preview.onlineessentials.com.au/,48,39,1,4,0,0,0,0,0,0,0,0,0,3,0,1,0,0,0,0,0,0,0,0,0,0.14583333333333334,0.1794871794871795,0,0,0,0,1,3,0,0,0,0,0,3,2,7,7,0,16,16,0,10.0,10.0,0,1,0,0,0,0,0,0,0,0,0,0,0,0,0,0,0,0,0,0,1,0,1,-1,0,0,-1,-1,alive
https://passport.vodafone.projects.mediafactory.cz/,51,42,0,4,0,0,0,0,0,0,0,0,0,3,0,1,0,0,0,0,0,0,0,0,0,0.0,0.0,0,0,0,0,0,3,0,0,0,0,0,4,1,8,8,0,12,12,0,9.0,9.0,0,0,0,0,0,0,0,0,0,62.5,0,100.0,0.0,0,0,0,0.0,0,0,0,1,1,1,-1,0,0,-1,-1,alive
https://officeku.id/,20,11,0,1,0,0,0,0,0,0,0,0,0,3,0,1,0,0,0,0,0,0,0,0,0,0.0,0.0,0,0,0,0,0,1,0,0,0,0,0,1,1,8,8,0,8,8,0,8.0,8.0,0,0,0,0,0,0,0,0,1,86.20689655172413,0,100.0,0.0,0,0,0,0.0,0,0,0,0,0,1,-1,0,0,-1,-1,alive
https://autodiscover.onlinegonyeli.org/owa/auth/logon.aspx?replaceCurrent=1&url=https%3a%2f%2fexchange-owa%2fowa%2f,115,30,0,3,1,0,1,1,0,2,0,0,5,5,0,1,0,0,0,0,0,0,0,1,0,0.05217391304347826,0.0,0,0,0,0,0,3,0,0,0,2,0,16,2,1,12,1,14,13,14,5.5,12.5,4.5,0,0,0,0,0,0,0,0,100.0,0,100.0,0.0,0,0,0,0.0,0,0,0,1,0,1,-1,0,0,-1,-1,alive
https://outlook.timberjacks.com/owa/auth/logon.aspx?url=https%3A%2F%2Foutlook.timberjacks.com%2Fowa%2F&reason=0,111,23,0,5,0,0,1,1,0,2,0,0,5,5,0,1,0,0,0,0,0,1,0,1,0,0.05405405405405406,0.0,0,0,1,0,0,3,0,0,0,2,0,17,3,1,7,1,11,11,11,4.882352941176471,9.0,4.333333333333333,0,0,0,0,0,0,0,0,100.0,0,100.0,0.0,0,0,0,0.0,0,0,0,1,0,1,-1,0,0,-1,-1,alive
https://outlook.sunnyvision.com/owa/auth/logon.aspx?url=https%3A%2F%2Foutlook.sunnyvision.com%2Fowa%2F&reason=0,111,23,0,5,0,0,1,1,0,2,0,0,5,5,0,1,0,0,0,0,0,1,0,1,0,0.05405405405405406,0.0,0,0,1,0,0,3,0,0,0,2,0,17,5,1,7,1,11,11,11,4.882352941176471,9.0,4.333333333333333,0,0,0,0,0,0,0,0,100.0,0,100.0,0.0,0,0,0,0.0,0,0,0,1,0,1,-1,0,0,-1,-1,alive
https://post.salon2116.ru/owa/auth/logon.aspx?replaceCurrent=1&url=https%3a%2f%2fpost.salon2116.ru%2fowa,104,17,0,5,0,0,1,1,0,2,0,0,4,5,0,1,0,0,0,0,0,0,0,1,0,0.125,0.23529411764705882,0,0,1,0,0,3,0,0,0,2,0,16,4,1,4,1,14,9,14,4.875,6.5,4.642857142857143,0,0,0,0,0,0,0,0,100.0,0,100.0,0.0,0,0,0,0.0,0,0,0,1,0,1,-1,0,0,-1,-1,alive
https://outlook.dach-ebner.at/owa/auth/logon.aspx?replaceCurrent=1&url=https%3a%2f%2foutlook.dach-ebner.at%2fowa,112,21,0,5,2,0,1,1,0,2,0,0,4,5,0,1,0,0,0,0,0,0,0,1,0,0.044642857142857144,0.0,0,0,1,0,0,3,1,0,0,2,0,18,4,1,4,1,14,7,14,4.666666666666667,5.333333333333333,4.533333333333333,0,0,0,0,0,0,0,0,100.0,0,100.0,0.0,0,0,0,0.0,0,0,0,1,0,1,-1,0,0,-1,-1,alive
https://autodiscover.impex-polymer.de/owa/auth/logon.aspx?replaceCurrent=1&url=https%3a%2f%2fautodiscover.impex-polymer.de%2fowa%2f,131,29,0,5,2,0,1,1,0,2,0,0,5,5,0,1,0,0,0,0,0,0,0,1,0,0.04580152671755725,0.0,0,0,1,0,0,3,1,0,0,2,0,19,2,1,5,1,14,12,14,5.368421052631579,8.0,4.875,0,0,0,0,0,0,0,0,100.0,0,100.0,0.0,0,0,0,0.0,0,0,0,1,0,1,-1,0,0,-1,-1,alive
https://outlook.owis365.de/owa/auth/logon.aspx?replaceCurrent=1&url=https%3a%2f%2foutlook.owis365.de%2fowa,106,18,0,5,0,0,1,1,0,2,0,0,4,5,0,1,0,0,0,0,0,0,0,1,0,0.10377358490566038,0.16666666666666666,0,0,1,0,0,3,0,0,0,1,0,16,4,1,7,1,14,7,14,5.0,7.0,4.714285714285714,0,0,0,0,0,0,0,0,100.0,0,100.0,0.0,0,0,0,0.0,0,0,0,1,0,1,-1,0,0,-1,-1,alive
http://helpcopyrightfor.cf/,27,19,0,1,0,0,0,0,0,0,0,0,0,3,0,1,0,0,0,0,0,0,0,0,1,0.0,0.0,0,0,0,0,0,1,0,0,0,0,0,1,0,16,16,0,16,16,0,16.0,16.0,0,0,0,0,0,0,0,0,0,0,0,0,0,0,0,0,0,0,0,0,0,0,1,-1,0,1,-1,-1,alive
